K,scheme,D,H,oh,trials,fail_rate,fail_rate_noheavy,def_mu,def_max,def_pdf,inact_mu,inact_sd,inact_max,rank_mu,peeled_mu,residual_rows_mu,recv_xors_per_packet,precode_gen_xors_mu,sparse_solve_xors_mu,backsub_xors_mu,ge_block_xors_mu,ge_bitops_mu,heavy_muladds_mu,heavy_divs_mu,runaway_rate
10000,dense,86,6,0,500,0.998000,1.000000,47.4800,128,6:0.002000|7:0.002000|8:0.004000|9:0.004000|11:0.004000|12:0.006000|13:0.004000|15:0.002000|16:0.008000|17:0.002000|18:0.010000|19:0.004000|20:0.004000|21:0.010000|22:0.010000|23:0.008000|24:0.012000|25:0.006000|26:0.012000|27:0.014000|28:0.018000|29:0.012000|30:0.014000|31:0.026000|32:0.008000|33:0.026000|34:0.012000|35:0.014000|36:0.020000|37:0.018000|38:0.022000|39:0.014000|40:0.016000|41:0.040000|42:0.010000|43:0.028000|44:0.034000|45:0.018000|46:0.024000|47:0.022000|48:0.022000|49:0.014000|50:0.034000|51:0.022000|52:0.026000|53:0.016000|54:0.022000|55:0.020000|56:0.016000|57:0.018000|58:0.024000|59:0.016000|60:0.008000|61:0.012000|62:0.010000|63:0.012000|64:0.012000|65:0.012000|66:0.020000|67:0.010000|68:0.004000|69:0.008000|70:0.008000|71:0.014000|72:0.006000|73:0.008000|74:0.006000|75:0.008000|76:0.004000|77:0.004000|78:0.008000|79:0.006000|80:0.006000|81:0.002000|82:0.004000|83:0.006000|85:0.002000|86:0.002000|87:0.002000|88:0.006000|89:0.002000|92:0.002000|96:0.002000|99:0.002000|101:0.002000|108:0.002000|110:0.002000|128:0.002000,251.24,18.09,327,203.76,9840.76,245.24,6.8020,25215.0,130042.3,537555.5,31723.2,245724.5,1543.4,6.0,0.000000
10000,dense,86,6,1,500,0.992000,1.000000,47.1180,122,5:0.006000|6:0.002000|7:0.004000|9:0.002000|11:0.004000|13:0.004000|15:0.004000|16:0.004000|17:0.004000|18:0.006000|19:0.008000|20:0.008000|21:0.002000|22:0.020000|23:0.014000|24:0.006000|25:0.020000|26:0.008000|27:0.022000|28:0.014000|29:0.008000|30:0.016000|31:0.016000|32:0.020000|33:0.012000|34:0.024000|35:0.010000|36:0.014000|37:0.022000|38:0.018000|39:0.016000|40:0.014000|41:0.020000|42:0.028000|43:0.028000|44:0.026000|45:0.038000|46:0.016000|47:0.024000|48:0.012000|49:0.028000|50:0.012000|51:0.012000|52:0.024000|53:0.030000|54:0.030000|55:0.036000|56:0.012000|57:0.012000|58:0.010000|59:0.010000|60:0.012000|61:0.012000|62:0.008000|63:0.010000|64:0.018000|65:0.026000|66:0.016000|67:0.008000|68:0.014000|69:0.006000|70:0.010000|71:0.004000|72:0.010000|73:0.004000|74:0.012000|75:0.010000|76:0.008000|77:0.002000|78:0.004000|79:0.006000|80:0.002000|82:0.008000|83:0.002000|84:0.006000|86:0.008000|87:0.002000|88:0.002000|89:0.006000|90:0.002000|122:0.002000,251.60,18.23,328,204.48,9840.40,246.60,6.8030,25215.0,129937.5,538679.1,31816.6,247821.4,1545.6,6.0,0.000000
10000,dense,86,6,2,500,0.984000,1.000000,47.0480,110,4:0.008000|5:0.006000|6:0.002000|8:0.006000|12:0.002000|13:0.004000|14:0.004000|15:0.004000|16:0.002000|17:0.002000|18:0.008000|19:0.004000|20:0.018000|21:0.006000|22:0.008000|23:0.002000|24:0.008000|25:0.020000|26:0.020000|27:0.020000|28:0.014000|29:0.002000|30:0.008000|31:0.016000|32:0.020000|33:0.024000|34:0.018000|35:0.014000|36:0.020000|37:0.030000|38:0.016000|39:0.024000|40:0.014000|41:0.008000|42:0.028000|43:0.016000|44:0.036000|45:0.016000|46:0.018000|47:0.022000|48:0.036000|49:0.026000|50:0.024000|51:0.014000|52:0.022000|53:0.016000|54:0.016000|55:0.010000|56:0.018000|57:0.020000|58:0.020000|59:0.020000|60:0.014000|61:0.022000|62:0.010000|63:0.016000|64:0.010000|65:0.010000|66:0.014000|67:0.012000|68:0.008000|69:0.010000|70:0.018000|71:0.002000|72:0.002000|73:0.006000|74:0.008000|75:0.008000|76:0.004000|77:0.010000|78:0.012000|79:0.004000|80:0.002000|81:0.004000|82:0.002000|84:0.006000|85:0.002000|88:0.004000|89:0.006000|91:0.002000|92:0.002000|96:0.002000|98:0.002000|102:0.002000|108:0.002000|110:0.002000,251.01,17.72,326,203.96,9840.99,247.01,6.8021,25215.0,130367.6,538251.9,31660.3,246873.6,1542.1,6.0,0.000000
10000,codecport,86,12,0,500,0.982000,1.000000,45.9000,125,12:0.018000|13:0.006000|14:0.004000|15:0.008000|16:0.008000|17:0.004000|18:0.004000|19:0.008000|20:0.010000|21:0.010000|22:0.006000|23:0.010000|24:0.012000|25:0.018000|26:0.014000|27:0.010000|28:0.016000|29:0.020000|30:0.018000|31:0.012000|32:0.024000|33:0.012000|34:0.020000|35:0.016000|36:0.020000|37:0.018000|38:0.014000|39:0.022000|40:0.030000|41:0.018000|42:0.036000|43:0.034000|44:0.014000|45:0.020000|46:0.028000|47:0.026000|48:0.014000|49:0.032000|50:0.016000|51:0.018000|52:0.032000|53:0.016000|54:0.016000|55:0.016000|56:0.022000|57:0.024000|58:0.012000|59:0.006000|60:0.010000|61:0.012000|62:0.010000|63:0.018000|64:0.014000|65:0.010000|66:0.008000|67:0.008000|68:0.006000|69:0.010000|70:0.010000|71:0.010000|72:0.004000|73:0.012000|74:0.002000|75:0.006000|76:0.006000|77:0.006000|78:0.004000|79:0.008000|80:0.004000|81:0.002000|83:0.002000|85:0.002000|86:0.006000|87:0.004000|89:0.002000|94:0.002000|97:0.002000|98:0.002000|106:0.002000|108:0.002000|125:0.002000,206.23,17.47,291,160.33,9903.77,194.23,6.8020,35156.0,95366.9,631666.1,21417.7,132014.1,2618.8,12.0,0.000000
10000,codecport,86,12,1,500,0.978000,1.000000,45.4260,121,11:0.018000|12:0.004000|14:0.004000|15:0.004000|16:0.008000|17:0.010000|18:0.004000|19:0.006000|20:0.010000|21:0.014000|22:0.012000|23:0.018000|24:0.016000|25:0.008000|26:0.018000|27:0.014000|28:0.012000|29:0.016000|30:0.012000|31:0.022000|32:0.012000|33:0.020000|34:0.008000|35:0.026000|36:0.018000|37:0.024000|38:0.012000|39:0.022000|40:0.030000|41:0.026000|42:0.030000|43:0.024000|44:0.032000|45:0.008000|46:0.018000|47:0.026000|48:0.018000|49:0.014000|50:0.012000|51:0.032000|52:0.026000|53:0.032000|54:0.026000|55:0.010000|56:0.014000|57:0.012000|58:0.008000|59:0.014000|60:0.014000|61:0.012000|62:0.010000|63:0.016000|64:0.024000|65:0.008000|66:0.012000|67:0.016000|68:0.002000|69:0.014000|70:0.004000|71:0.006000|72:0.008000|73:0.006000|74:0.010000|75:0.004000|76:0.008000|77:0.002000|78:0.002000|80:0.006000|81:0.002000|82:0.008000|83:0.006000|84:0.002000|85:0.004000|86:0.002000|87:0.004000|88:0.002000|121:0.002000,205.51,17.34,277,160.08,9904.49,194.51,6.8030,35156.0,95369.7,629576.2,21266.9,131220.6,2610.1,12.0,0.000000
10000,codecport,86,12,2,500,0.968000,1.000000,45.4220,107,10:0.020000|11:0.006000|12:0.006000|13:0.002000|15:0.006000|16:0.006000|17:0.004000|18:0.006000|19:0.016000|20:0.006000|21:0.008000|22:0.012000|23:0.004000|24:0.026000|25:0.014000|26:0.016000|27:0.014000|28:0.002000|29:0.016000|30:0.012000|31:0.018000|32:0.028000|33:0.018000|34:0.016000|35:0.030000|36:0.018000|37:0.018000|38:0.018000|39:0.018000|40:0.018000|41:0.024000|42:0.028000|43:0.022000|44:0.014000|45:0.026000|46:0.026000|47:0.030000|48:0.020000|49:0.026000|50:0.012000|51:0.026000|52:0.016000|53:0.004000|54:0.026000|55:0.016000|56:0.020000|57:0.014000|58:0.018000|59:0.028000|60:0.008000|61:0.012000|62:0.014000|63:0.010000|64:0.008000|65:0.018000|66:0.008000|67:0.010000|68:0.016000|69:0.004000|70:0.004000|71:0.006000|72:0.010000|73:0.004000|74:0.004000|75:0.014000|76:0.006000|77:0.006000|78:0.002000|79:0.002000|80:0.004000|81:0.002000|82:0.006000|84:0.002000|85:0.004000|87:0.002000|88:0.002000|89:0.002000|90:0.002000|95:0.002000|96:0.004000|105:0.002000|107:0.002000,205.47,17.88,265,160.04,9904.53,195.47,6.8021,35156.0,95330.9,630809.1,21267.7,131981.3,2609.6,12.0,0.000000
10000,codecport_n13,86,12,0,500,0.984000,1.000000,45.9080,124,12:0.016000|13:0.012000|14:0.006000|15:0.006000|16:0.002000|17:0.004000|18:0.006000|19:0.008000|20:0.012000|21:0.012000|22:0.008000|23:0.008000|24:0.006000|25:0.016000|26:0.012000|27:0.016000|28:0.020000|29:0.008000|30:0.026000|31:0.014000|32:0.024000|33:0.012000|34:0.016000|35:0.018000|36:0.020000|37:0.016000|38:0.022000|39:0.022000|40:0.034000|41:0.014000|42:0.036000|43:0.014000|44:0.022000|45:0.020000|46:0.028000|47:0.024000|48:0.026000|49:0.022000|50:0.022000|51:0.026000|52:0.018000|53:0.024000|54:0.020000|55:0.014000|56:0.020000|57:0.022000|58:0.006000|59:0.008000|60:0.016000|61:0.010000|62:0.014000|63:0.016000|64:0.012000|65:0.014000|66:0.004000|67:0.006000|68:0.008000|69:0.010000|70:0.012000|71:0.004000|72:0.006000|73:0.014000|74:0.004000|75:0.004000|76:0.002000|77:0.006000|78:0.008000|79:0.004000|80:0.002000|81:0.004000|82:0.004000|83:0.002000|84:0.002000|85:0.002000|86:0.002000|87:0.006000|90:0.002000|95:0.002000|97:0.002000|98:0.002000|107:0.002000|108:0.002000|124:0.002000,205.71,17.70,287,159.80,9904.29,193.71,6.8020,35156.0,95526.4,630410.8,21313.9,131084.7,2612.5,12.0,0.000000
10000,codecport_n13,86,12,1,500,0.982000,1.000000,45.4900,120,11:0.018000|13:0.006000|14:0.004000|15:0.004000|16:0.002000|17:0.010000|18:0.008000|19:0.006000|20:0.010000|21:0.014000|22:0.008000|23:0.016000|24:0.018000|25:0.006000|26:0.022000|27:0.010000|28:0.016000|29:0.014000|30:0.014000|31:0.018000|32:0.024000|33:0.018000|34:0.010000|35:0.018000|36:0.018000|37:0.022000|38:0.010000|39:0.018000|40:0.026000|41:0.032000|42:0.032000|43:0.030000|44:0.018000|45:0.018000|46:0.026000|47:0.020000|48:0.022000|49:0.020000|50:0.008000|51:0.038000|52:0.028000|53:0.030000|54:0.022000|55:0.006000|56:0.008000|57:0.012000|58:0.012000|59:0.016000|60:0.006000|61:0.010000|62:0.026000|63:0.020000|64:0.010000|65:0.010000|66:0.014000|67:0.008000|68:0.012000|69:0.002000|70:0.010000|71:0.008000|72:0.006000|73:0.010000|74:0.010000|75:0.004000|76:0.002000|77:0.006000|79:0.004000|80:0.004000|81:0.004000|82:0.008000|84:0.004000|85:0.004000|86:0.002000|87:0.006000|89:0.002000|120:0.002000,205.16,17.28,271,159.67,9904.84,194.16,6.8030,35156.0,95456.0,630000.1,21194.3,130518.5,2605.9,12.0,0.000000
10000,codecport_n13,86,12,2,500,0.970000,1.000000,45.4900,106,10:0.022000|11:0.004000|12:0.004000|13:0.002000|14:0.002000|15:0.006000|16:0.002000|17:0.006000|18:0.014000|19:0.012000|20:0.004000|21:0.010000|22:0.004000|23:0.014000|24:0.020000|25:0.014000|26:0.016000|27:0.012000|28:0.006000|29:0.020000|30:0.012000|31:0.026000|32:0.020000|33:0.010000|34:0.018000|35:0.034000|36:0.016000|37:0.022000|38:0.018000|39:0.012000|40:0.012000|41:0.026000|42:0.026000|43:0.026000|44:0.018000|45:0.024000|46:0.028000|47:0.026000|48:0.028000|49:0.020000|50:0.020000|51:0.012000|52:0.032000|53:0.004000|54:0.014000|55:0.020000|56:0.018000|57:0.014000|58:0.018000|59:0.022000|60:0.018000|61:0.006000|62:0.016000|63:0.008000|64:0.014000|65:0.008000|66:0.014000|67:0.008000|68:0.010000|69:0.014000|70:0.002000|71:0.004000|72:0.010000|73:0.006000|74:0.008000|75:0.006000|76:0.010000|77:0.008000|78:0.004000|79:0.002000|80:0.002000|81:0.002000|82:0.002000|83:0.002000|84:0.002000|85:0.002000|86:0.002000|87:0.002000|88:0.006000|89:0.002000|92:0.002000|96:0.002000|97:0.002000|105:0.002000|106:0.002000,205.73,18.13,266,160.24,9904.27,195.73,6.8021,35156.0,95480.7,631532.4,21325.7,132570.5,2612.7,12.0,0.000000
32000,dense,190,6,0,500,1.000000,1.000000,230.3540,352,141:0.002000|142:0.004000|143:0.002000|144:0.002000|152:0.002000|155:0.004000|158:0.002000|162:0.002000|164:0.002000|165:0.004000|168:0.004000|169:0.002000|170:0.006000|172:0.002000|178:0.002000|179:0.006000|180:0.004000|181:0.002000|182:0.004000|183:0.008000|184:0.004000|185:0.010000|186:0.002000|187:0.004000|188:0.008000|189:0.002000|190:0.004000|191:0.002000|192:0.006000|193:0.014000|194:0.004000|195:0.004000|196:0.006000|197:0.012000|198:0.004000|199:0.006000|200:0.002000|201:0.006000|202:0.012000|203:0.008000|204:0.004000|205:0.018000|206:0.010000|207:0.018000|208:0.020000|209:0.006000|210:0.020000|211:0.012000|212:0.006000|213:0.020000|214:0.016000|215:0.002000|216:0.010000|217:0.012000|218:0.006000|219:0.016000|220:0.016000|221:0.018000|222:0.012000|223:0.020000|224:0.012000|225:0.010000|226:0.012000|227:0.012000|228:0.010000|229:0.014000|230:0.004000|231:0.006000|232:0.014000|233:0.012000|234:0.012000|235:0.012000|236:0.008000|237:0.010000|238:0.018000|239:0.010000|240:0.016000|241:0.008000|242:0.004000|243:0.008000|244:0.006000|245:0.006000|246:0.014000|247:0.012000|248:0.006000|249:0.014000|250:0.016000|251:0.008000|252:0.008000|253:0.016000|254:0.012000|255:0.010000|256:0.008000|257:0.006000|258:0.008000|259:0.008000|260:0.006000|261:0.008000|262:0.006000|263:0.006000|264:0.002000|265:0.010000|266:0.006000|267:0.010000|268:0.004000|269:0.010000|270:0.010000|271:0.006000|272:0.006000|273:0.006000|274:0.008000|275:0.002000|276:0.004000|277:0.004000|278:0.002000|280:0.002000|282:0.002000|283:0.006000|284:0.004000|285:0.002000|286:0.006000|287:0.002000|288:0.004000|289:0.002000|290:0.002000|292:0.002000|297:0.004000|301:0.002000|303:0.002000|305:0.002000|306:0.004000|307:0.002000|308:0.002000|310:0.002000|311:0.002000|315:0.002000|318:0.002000|325:0.002000|326:0.002000|352:0.002000,693.12,34.59,813,462.76,31502.88,687.12,6.8042,80475.0,441654.3,3707569.2,240804.2,5196610.9,4194.7,6.0,0.000000
32000,dense,190,6,1,500,1.000000,1.000000,229.3980,324,135:0.002000|153:0.002000|155:0.002000|159:0.002000|160:0.002000|161:0.002000|162:0.002000|166:0.002000|167:0.002000|168:0.004000|169:0.002000|170:0.004000|171:0.002000|172:0.002000|176:0.006000|177:0.004000|178:0.002000|179:0.002000|180:0.004000|181:0.002000|182:0.004000|183:0.004000|184:0.006000|185:0.006000|186:0.006000|187:0.008000|188:0.004000|189:0.002000|190:0.010000|191:0.010000|192:0.004000|193:0.006000|194:0.006000|195:0.006000|196:0.006000|197:0.012000|198:0.004000|199:0.012000|200:0.002000|201:0.002000|202:0.012000|203:0.006000|204:0.012000|205:0.018000|206:0.010000|207:0.002000|208:0.006000|209:0.012000|210:0.020000|211:0.004000|212:0.008000|213:0.018000|214:0.006000|215:0.016000|216:0.006000|217:0.024000|218:0.014000|219:0.018000|220:0.016000|221:0.024000|222:0.012000|223:0.010000|224:0.010000|225:0.006000|226:0.008000|227:0.020000|228:0.014000|229:0.018000|230:0.010000|231:0.020000|232:0.010000|233:0.012000|234:0.010000|235:0.010000|236:0.012000|237:0.006000|238:0.008000|239:0.014000|240:0.012000|241:0.006000|242:0.006000|243:0.026000|244:0.012000|245:0.010000|246:0.006000|247:0.014000|248:0.010000|249:0.010000|250:0.012000|251:0.008000|252:0.012000|253:0.012000|254:0.014000|255:0.008000|256:0.010000|257:0.002000|258:0.010000|260:0.004000|261:0.004000|262:0.006000|263:0.012000|264:0.004000|265:0.006000|266:0.006000|267:0.010000|268:0.008000|269:0.010000|270:0.006000|271:0.002000|272:0.006000|274:0.002000|275:0.006000|277:0.002000|278:0.006000|279:0.006000|280:0.002000|281:0.008000|282:0.004000|284:0.004000|285:0.004000|286:0.008000|288:0.006000|291:0.002000|292:0.002000|293:0.004000|299:0.002000|303:0.002000|304:0.004000|305:0.002000|306:0.002000|307:0.002000|324:0.002000,692.73,31.86,781,463.33,31503.27,687.73,6.8044,80475.0,442139.0,3711093.6,240443.2,5189445.0,4192.4,6.0,0.000000
32000,dense,190,6,2,500,1.000000,1.000000,230.0560,333,136:0.002000|137:0.002000|146:0.002000|148:0.004000|149:0.002000|150:0.002000|153:0.002000|158:0.002000|159:0.002000|163:0.004000|165:0.002000|167:0.002000|170:0.002000|172:0.004000|173:0.004000|174:0.002000|176:0.002000|177:0.008000|178:0.004000|180:0.004000|181:0.004000|182:0.002000|183:0.010000|184:0.004000|185:0.006000|186:0.002000|187:0.006000|188:0.004000|189:0.006000|190:0.002000|191:0.008000|192:0.010000|193:0.004000|194:0.008000|195:0.014000|196:0.012000|197:0.010000|198:0.004000|199:0.006000|200:0.012000|201:0.006000|202:0.008000|203:0.004000|204:0.006000|205:0.008000|206:0.010000|207:0.014000|208:0.008000|209:0.006000|210:0.010000|211:0.014000|212:0.008000|213:0.016000|214:0.010000|215:0.014000|216:0.024000|217:0.012000|218:0.012000|219:0.008000|220:0.012000|221:0.018000|222:0.006000|223:0.016000|224:0.014000|225:0.004000|226:0.012000|227:0.018000|228:0.010000|229:0.022000|230:0.008000|231:0.004000|232:0.002000|233:0.014000|234:0.004000|235:0.018000|236:0.006000|237:0.010000|238:0.024000|239:0.010000|240:0.014000|241:0.008000|242:0.006000|243:0.006000|244:0.008000|245:0.012000|246:0.006000|247:0.008000|248:0.008000|249:0.012000|250:0.006000|251:0.004000|252:0.008000|253:0.012000|254:0.006000|255:0.010000|256:0.020000|257:0.014000|258:0.008000|259:0.012000|260:0.006000|262:0.006000|263:0.006000|264:0.006000|265:0.014000|266:0.012000|267:0.006000|268:0.008000|269:0.006000|270:0.008000|271:0.012000|272:0.010000|274:0.004000|275:0.004000|276:0.008000|277:0.004000|278:0.006000|279:0.002000|280:0.004000|281:0.004000|283:0.004000|284:0.008000|285:0.002000|288:0.002000|289:0.002000|290:0.002000|291:0.006000|295:0.002000|296:0.002000|297:0.002000|298:0.004000|299:0.002000|303:0.004000|304:0.002000|308:0.004000|310:0.002000|328:0.002000|333:0.002000,692.89,32.96,804,462.84,31503.11,688.89,6.8072,80475.0,441221.2,3705239.6,240594.1,5203051.7,4193.4,6.0,0.000000
32000,codecport,190,12,0,500,1.000000,1.000000,228.6680,348,139:0.002000|141:0.004000|142:0.002000|143:0.002000|151:0.002000|154:0.004000|157:0.002000|161:0.002000|163:0.004000|164:0.004000|166:0.002000|167:0.002000|168:0.002000|169:0.004000|170:0.002000|176:0.002000|177:0.006000|178:0.002000|179:0.002000|180:0.002000|181:0.008000|182:0.006000|183:0.006000|184:0.008000|186:0.010000|187:0.002000|188:0.006000|190:0.006000|191:0.004000|192:0.012000|193:0.010000|194:0.006000|195:0.006000|196:0.004000|197:0.006000|198:0.004000|199:0.004000|200:0.012000|201:0.010000|202:0.008000|203:0.002000|204:0.024000|205:0.010000|206:0.018000|207:0.020000|208:0.012000|209:0.010000|210:0.018000|211:0.014000|212:0.006000|213:0.012000|214:0.010000|215:0.004000|216:0.012000|217:0.010000|218:0.026000|219:0.006000|220:0.020000|221:0.018000|222:0.012000|223:0.016000|224:0.008000|225:0.008000|226:0.012000|227:0.012000|228:0.012000|229:0.008000|230:0.010000|231:0.006000|232:0.010000|233:0.018000|234:0.006000|235:0.006000|236:0.014000|237:0.016000|238:0.016000|239:0.014000|240:0.006000|241:0.004000|242:0.004000|243:0.008000|244:0.006000|245:0.020000|246:0.008000|247:0.010000|248:0.014000|249:0.016000|250:0.012000|251:0.002000|252:0.018000|253:0.010000|254:0.004000|255:0.012000|256:0.006000|257:0.008000|258:0.006000|259:0.006000|260:0.010000|261:0.002000|262:0.006000|263:0.004000|264:0.008000|265:0.008000|266:0.012000|267:0.008000|268:0.010000|269:0.004000|270:0.008000|271:0.004000|272:0.006000|273:0.006000|274:0.002000|275:0.004000|276:0.002000|277:0.002000|278:0.002000|279:0.002000|282:0.008000|283:0.002000|284:0.006000|285:0.004000|286:0.004000|287:0.002000|289:0.002000|291:0.002000|295:0.002000|296:0.002000|300:0.002000|302:0.004000|303:0.002000|304:0.002000|305:0.002000|306:0.002000|308:0.004000|313:0.002000|314:0.002000|322:0.002000|325:0.002000|348:0.002000,545.29,34.87,674,316.62,31668.71,533.29,6.8042,112312.0,308322.3,4020621.3,149277.1,2508543.9,6687.5,12.0,0.000000
32000,codecport,190,12,1,500,1.000000,1.000000,227.6800,323,133:0.002000|152:0.002000|154:0.002000|157:0.004000|159:0.004000|164:0.002000|165:0.002000|166:0.002000|167:0.004000|169:0.008000|174:0.002000|175:0.006000|176:0.004000|177:0.004000|178:0.002000|180:0.004000|181:0.002000|182:0.008000|183:0.006000|184:0.006000|185:0.004000|186:0.008000|187:0.002000|188:0.004000|189:0.014000|190:0.006000|191:0.008000|192:0.010000|193:0.002000|194:0.004000|195:0.016000|197:0.008000|198:0.006000|199:0.004000|200:0.006000|201:0.010000|202:0.008000|203:0.014000|204:0.014000|205:0.008000|206:0.008000|207:0.010000|208:0.012000|209:0.012000|210:0.002000|211:0.012000|212:0.026000|213:0.008000|214:0.008000|215:0.006000|216:0.022000|217:0.018000|218:0.024000|219:0.018000|220:0.016000|221:0.012000|222:0.006000|223:0.006000|224:0.012000|225:0.012000|226:0.024000|227:0.012000|228:0.012000|229:0.008000|230:0.022000|231:0.010000|232:0.008000|233:0.012000|234:0.010000|235:0.008000|236:0.006000|237:0.020000|238:0.008000|239:0.008000|240:0.012000|241:0.010000|242:0.024000|243:0.004000|244:0.016000|245:0.006000|246:0.008000|247:0.006000|248:0.016000|249:0.014000|250:0.010000|251:0.012000|252:0.012000|253:0.010000|254:0.008000|255:0.006000|256:0.004000|257:0.006000|258:0.002000|259:0.006000|260:0.012000|261:0.002000|262:0.010000|263:0.004000|264:0.002000|265:0.008000|266:0.008000|267:0.010000|268:0.010000|269:0.004000|270:0.006000|271:0.004000|272:0.004000|275:0.004000|276:0.006000|278:0.008000|279:0.008000|280:0.002000|281:0.002000|283:0.004000|284:0.010000|285:0.002000|287:0.004000|289:0.004000|291:0.002000|292:0.002000|297:0.002000|299:0.002000|303:0.004000|304:0.002000|305:0.004000|323:0.002000,544.88,31.80,625,317.20,31669.12,533.88,6.8044,112312.0,309272.3,4020307.9,148954.6,2502380.8,6682.6,12.0,0.000000
32000,codecport,190,12,2,500,1.000000,1.000000,228.3880,331,135:0.002000|136:0.002000|145:0.002000|146:0.004000|148:0.002000|149:0.002000|151:0.002000|157:0.004000|161:0.002000|162:0.002000|164:0.002000|165:0.002000|169:0.002000|170:0.002000|171:0.006000|172:0.002000|173:0.002000|175:0.002000|176:0.006000|177:0.006000|178:0.002000|179:0.004000|180:0.004000|181:0.002000|182:0.008000|183:0.008000|185:0.008000|186:0.006000|188:0.006000|189:0.004000|190:0.004000|191:0.014000|192:0.002000|193:0.012000|194:0.014000|195:0.010000|196:0.010000|197:0.006000|198:0.004000|199:0.008000|200:0.006000|201:0.008000|202:0.010000|203:0.006000|204:0.008000|205:0.012000|206:0.012000|207:0.008000|208:0.006000|209:0.008000|210:0.014000|211:0.012000|212:0.016000|213:0.012000|214:0.016000|215:0.022000|216:0.012000|217:0.006000|218:0.008000|219:0.012000|220:0.018000|221:0.012000|222:0.016000|223:0.008000|224:0.014000|225:0.006000|226:0.016000|227:0.016000|228:0.014000|229:0.008000|230:0.006000|231:0.002000|232:0.018000|233:0.002000|234:0.016000|235:0.008000|236:0.012000|237:0.022000|238:0.012000|239:0.006000|240:0.012000|241:0.010000|243:0.012000|244:0.012000|245:0.006000|246:0.010000|247:0.006000|248:0.008000|249:0.008000|250:0.006000|251:0.012000|252:0.006000|253:0.008000|254:0.014000|255:0.016000|256:0.012000|257:0.010000|258:0.008000|259:0.002000|260:0.004000|261:0.006000|262:0.012000|263:0.010000|264:0.010000|265:0.006000|266:0.006000|267:0.008000|268:0.008000|269:0.008000|270:0.008000|271:0.010000|272:0.006000|274:0.006000|275:0.004000|276:0.004000|277:0.008000|278:0.002000|279:0.002000|280:0.002000|281:0.002000|282:0.008000|283:0.004000|286:0.004000|287:0.002000|289:0.004000|290:0.002000|292:0.002000|295:0.004000|296:0.004000|298:0.002000|302:0.004000|303:0.002000|307:0.006000|326:0.002000|331:0.002000,544.53,33.18,666,316.15,31669.47,534.53,6.8072,112312.0,309482.2,4017413.1,148808.9,2504505.2,6678.4,12.0,0.000000
32000,codecport_n13,190,12,0,500,1.000000,1.000000,228.7180,350,137:0.002000|140:0.002000|141:0.002000|142:0.004000|150:0.002000|154:0.004000|156:0.002000|160:0.002000|161:0.002000|164:0.004000|165:0.002000|166:0.004000|169:0.006000|170:0.002000|175:0.002000|177:0.004000|178:0.004000|179:0.002000|180:0.002000|181:0.006000|182:0.006000|183:0.008000|184:0.010000|185:0.002000|186:0.002000|187:0.008000|188:0.004000|189:0.002000|190:0.006000|191:0.004000|192:0.016000|194:0.004000|195:0.008000|196:0.008000|197:0.006000|198:0.004000|199:0.008000|201:0.018000|202:0.004000|203:0.006000|204:0.024000|205:0.012000|206:0.018000|207:0.022000|208:0.008000|209:0.012000|210:0.012000|211:0.014000|212:0.014000|213:0.012000|214:0.004000|215:0.014000|216:0.002000|217:0.014000|218:0.012000|219:0.022000|220:0.014000|221:0.016000|222:0.016000|223:0.010000|224:0.014000|225:0.010000|226:0.008000|227:0.010000|228:0.014000|229:0.008000|230:0.004000|231:0.012000|232:0.018000|233:0.006000|234:0.008000|235:0.014000|236:0.016000|237:0.008000|238:0.016000|239:0.010000|240:0.010000|242:0.010000|243:0.008000|244:0.004000|245:0.016000|246:0.016000|247:0.006000|248:0.016000|249:0.008000|250:0.016000|251:0.008000|252:0.008000|253:0.016000|254:0.008000|255:0.006000|256:0.012000|257:0.006000|258:0.008000|259:0.004000|260:0.010000|261:0.006000|262:0.002000|263:0.008000|264:0.008000|265:0.008000|266:0.006000|267:0.004000|268:0.012000|269:0.008000|270:0.012000|271:0.002000|272:0.006000|273:0.004000|274:0.002000|275:0.004000|276:0.004000|278:0.002000|281:0.004000|282:0.008000|283:0.004000|284:0.006000|285:0.002000|287:0.004000|289:0.002000|291:0.002000|296:0.004000|299:0.002000|301:0.002000|303:0.002000|304:0.004000|305:0.002000|307:0.002000|309:0.004000|313:0.002000|316:0.002000|322:0.002000|325:0.002000|350:0.002000,544.85,34.49,667,316.13,31669.15,532.85,6.8042,112312.0,309080.1,4018874.1,149026.4,2501918.1,6682.2,12.0,0.000000
32000,codecport_n13,190,12,1,500,1.000000,1.000000,227.7360,323,133:0.002000|152:0.002000|154:0.002000|158:0.004000|159:0.004000|165:0.004000|166:0.002000|167:0.004000|168:0.004000|169:0.002000|171:0.002000|175:0.006000|176:0.004000|177:0.004000|178:0.004000|179:0.002000|180:0.002000|181:0.006000|182:0.004000|183:0.006000|184:0.004000|185:0.004000|186:0.008000|187:0.004000|188:0.006000|189:0.010000|190:0.008000|191:0.006000|192:0.004000|193:0.006000|194:0.010000|195:0.010000|196:0.006000|197:0.002000|198:0.012000|199:0.002000|200:0.006000|201:0.008000|202:0.014000|203:0.014000|204:0.010000|205:0.008000|206:0.006000|207:0.010000|208:0.010000|209:0.012000|210:0.010000|211:0.014000|212:0.012000|213:0.006000|214:0.014000|215:0.016000|216:0.020000|217:0.024000|218:0.016000|219:0.018000|220:0.008000|221:0.014000|222:0.012000|223:0.006000|224:0.008000|225:0.014000|226:0.016000|227:0.014000|228:0.018000|229:0.010000|230:0.018000|231:0.012000|232:0.008000|233:0.010000|234:0.016000|235:0.006000|236:0.012000|237:0.008000|238:0.014000|239:0.010000|240:0.008000|241:0.010000|242:0.022000|243:0.012000|244:0.008000|246:0.016000|247:0.012000|248:0.012000|249:0.008000|250:0.012000|251:0.012000|252:0.010000|253:0.014000|254:0.006000|255:0.008000|256:0.008000|257:0.002000|258:0.002000|259:0.008000|260:0.002000|261:0.010000|262:0.008000|263:0.006000|264:0.006000|265:0.008000|266:0.012000|267:0.002000|268:0.008000|269:0.006000|270:0.004000|271:0.004000|272:0.002000|273:0.004000|274:0.002000|276:0.002000|277:0.006000|278:0.008000|279:0.002000|280:0.004000|281:0.004000|282:0.002000|283:0.006000|284:0.002000|285:0.010000|287:0.002000|289:0.002000|290:0.004000|292:0.002000|297:0.002000|301:0.002000|302:0.002000|303:0.006000|305:0.002000|323:0.002000,545.27,30.92,643,317.53,31668.73,534.27,6.8044,112312.0,309017.2,4025764.4,149135.4,2506299.4,6687.2,12.0,0.000000
32000,codecport_n13,190,12,2,500,1.000000,1.000000,228.3600,330,135:0.004000|145:0.002000|146:0.004000|147:0.002000|149:0.002000|152:0.002000|156:0.002000|157:0.002000|161:0.002000|162:0.002000|164:0.002000|165:0.002000|168:0.002000|170:0.002000|171:0.004000|172:0.002000|173:0.002000|174:0.002000|175:0.004000|176:0.004000|177:0.006000|178:0.002000|179:0.004000|180:0.006000|181:0.006000|182:0.008000|184:0.006000|185:0.004000|186:0.004000|187:0.004000|188:0.006000|189:0.004000|190:0.008000|191:0.008000|192:0.004000|193:0.008000|194:0.014000|195:0.016000|196:0.004000|197:0.002000|198:0.012000|199:0.006000|200:0.006000|201:0.010000|202:0.006000|203:0.004000|204:0.008000|205:0.014000|206:0.016000|207:0.004000|208:0.002000|209:0.018000|210:0.010000|211:0.016000|212:0.012000|213:0.018000|214:0.016000|215:0.018000|216:0.008000|217:0.012000|218:0.012000|219:0.012000|220:0.010000|221:0.012000|222:0.008000|223:0.012000|224:0.010000|225:0.018000|226:0.008000|227:0.022000|228:0.010000|229:0.006000|230:0.006000|231:0.010000|232:0.008000|233:0.006000|234:0.020000|235:0.014000|236:0.008000|237:0.012000|238:0.018000|239:0.012000|240:0.006000|241:0.006000|242:0.004000|243:0.012000|244:0.014000|245:0.006000|246:0.004000|247:0.010000|248:0.006000|249:0.006000|250:0.008000|251:0.012000|252:0.012000|253:0.008000|254:0.012000|255:0.012000|256:0.010000|257:0.010000|258:0.010000|259:0.010000|260:0.002000|261:0.010000|262:0.006000|263:0.008000|264:0.008000|265:0.006000|266:0.010000|267:0.006000|268:0.008000|269:0.014000|270:0.006000|271:0.006000|272:0.002000|273:0.004000|274:0.006000|275:0.002000|276:0.008000|277:0.002000|278:0.002000|279:0.006000|280:0.004000|281:0.002000|282:0.006000|283:0.004000|286:0.002000|288:0.002000|289:0.006000|290:0.002000|294:0.004000|296:0.006000|297:0.002000|301:0.004000|303:0.002000|306:0.002000|307:0.002000|308:0.002000|327:0.002000|330:0.002000,544.38,35.05,657,316.02,31669.62,534.38,6.8072,112312.0,309161.0,4012391.8,148789.8,2505617.2,6676.6,12.0,0.000000
