mode,blocks,block_bytes,trial,seed,wh1_first,wh2_first,wh1_ns,wh2_ns,wh2_profile,wh2_attempt
timing,8,64,0,11193708306874284074,8,8,4217,9885,5415960886813981129,0
timing,8,64,1,9047894634488869951,8,8,3686,8433,5415960886813981129,0
timing,8,64,2,16135025218340630612,8,8,3385,8092,5415960886813981129,0
timing,8,64,3,12692156986208562281,8,8,3455,7782,5415960886813981129,0
timing,8,64,4,1331415466140149886,8,8,3215,7952,5415960886813981129,0
timing,128,64,0,11193708304861018154,128,128,47512,64717,5415960886813981129,0
timing,128,64,1,9047894636770571327,128,128,46870,52539,5415960886813981129,0
timing,128,64,2,16135025216327364692,128,128,39640,50326,5415960886813981129,0
timing,128,64,3,12692156988490263657,128,128,38548,46681,5415960886813981129,0
timing,128,64,4,1331415464126883966,128,128,37517,47571,5415960886813981129,0
timing,512,64,0,11193708315598436394,512,512,172078,226781,5415960886813981129,0
timing,512,64,1,9047894626033153087,512,512,177005,214391,5415960886813981129,0
timing,512,64,2,16135025209884913748,512,512,161533,213200,5415960886813981129,0
timing,512,64,3,12692156994932714601,512,512,171097,202494,5415960886813981129,0
timing,512,64,4,1331415457684433022,512,512,156235,204317,5415960886813981129,0
timing,1024,64,0,11193708289828632618,1024,1024,364818,455394,5415960886813981129,0
timing,1024,64,1,9047894651802956863,1024,1024,372009,452399,5415960886813981129,0
timing,1024,64,2,16135025235654717524,1024,1024,358278,446640,5415960886813981129,0
timing,1024,64,3,12692157003522649193,1024,1024,372259,435163,5415960886813981129,0
timing,1024,64,4,1331415449094498430,1024,1024,355624,471738,5415960886813981129,0
timing,1000,64,0,11193708307411154986,1000,1000,329334,400972,5415960886813981129,0
timing,1000,64,1,9047894622140838975,1000,1000,347782,388403,5415960886813981129,0
timing,1000,64,2,16135025210287566932,1000,1000,320131,395003,5415960886813981129,0
timing,1000,64,3,12692156999630335081,1000,1000,330627,387842,5415960886813981129,0
timing,1000,64,4,1331415449497151614,1000,1000,319359,388583,5415960886813981129,0
timing,2000,64,0,11193708290633938986,2000,2000,584127,790597,5415960886813981129,0
timing,2000,64,1,9047894639723361343,2000,2000,602414,778499,5415960886813981129,0
timing,2000,64,2,16135025227870089300,2000,2000,589996,784958,5415960886813981129,0
timing,2000,64,3,12692157017212857449,2000,2000,591939,764598,5415960886813981129,0
timing,2000,64,4,1331415432719935614,2000,2000,579360,782205,5415960886813981129,0
timing,3000,64,0,11193708342576199722,3000,3000,865349,1145610,5415960886813981129,0
timing,3000,64,1,9047894588586406975,3000,3000,867793,1127253,5415960886813981129,0
timing,3000,64,2,16135025245452611668,3000,3000,860091,1143096,5415960886813981129,0
timing,3000,64,3,12692156966075903081,3000,3000,856305,1131429,5415960886813981129,0
timing,3000,64,4,1331415415942719614,3000,3000,843617,1141854,5415960886813981129,0
timing,4000,64,0,11193708325798983722,4000,4000,1392110,1650228,5415960886813981129,0
timing,4000,64,1,9047894606168929343,4000,4000,1336206,1544819,5415960886813981129,0
timing,4000,64,2,16135025263035134036,4000,4000,1388315,1642536,5415960886813981129,0
timing,4000,64,3,12692156983658425449,4000,4000,1339891,1557128,5415960886813981129,0
timing,4000,64,4,1331415399165503614,4000,4000,1391720,1644779,5415960886813981129,0
timing,5000,64,0,11193708377741244458,5000,5000,1693683,1982026,5415960886813981129,0
timing,5000,64,1,9047894555031974975,5000,5000,1631970,1861114,5415960886813981129,0
timing,5000,64,2,16135025143178702932,5000,5000,1694414,1980002,5415960886813981129,0
timing,5000,64,3,12692157069960424553,5000,5000,1613022,1868575,5415960886813981129,0
timing,5000,64,4,1331415519827241086,5000,5000,1695586,1978350,5415960886813981129,0
timing,6000,64,0,11193708360964028458,6000,6000,2108756,2461946,5415960886813981129,0
timing,6000,64,1,9047894568319530047,6000,6000,2025701,2325211,5415960886813981129,0
timing,6000,64,2,16135025160761225300,6000,6000,2115836,2460684,5415960886813981129,0
timing,6000,64,3,12692157083247979625,6000,6000,2030028,2321865,5415960886813981129,0
timing,6000,64,4,1331415503050025086,6000,6000,2120383,2455386,5415960886813981129,0
timing,7000,64,0,11193708412906289194,7000,7000,2501215,2873534,5415960886813981129,0
timing,7000,64,1,9047894517182575679,7000,7000,2393544,2708226,5415960886813981129,0
timing,7000,64,2,16135025178343747668,7000,7000,2484279,2883108,5415960886813981129,0
timing,7000,64,3,12692157032111025257,7000,7000,2367725,2703939,5415960886813981129,0
timing,7000,64,4,1331415486272809086,7000,7000,2535186,2861676,5415960886813981129,0
timing,8000,64,0,11193708396129073194,8000,8000,2604590,3533144,5415960886813981129,0
timing,8000,64,1,9047894534765098047,8000,8000,2523859,3537991,5415960886813981129,0
timing,8000,64,2,16135025195926270036,8000,8000,2521696,3543570,5415960886813981129,0
timing,8000,64,3,12692157049693547625,8000,8000,2531530,3546023,5415960886813981129,0
timing,8000,64,4,1331415469495593086,8000,8000,2526793,3539304,5415960886813981129,0
timing,9000,64,0,11193708173193426986,9000,9000,3334857,3674747,5415960886813981129,0
timing,9000,64,1,9047894483628143679,9000,9000,3184861,3456129,5415960886813981129,0
timing,9000,64,2,16135025076069838932,9000,9000,3342709,3681096,5415960886813981129,0
timing,9000,64,3,12692157135995546729,9000,9000,3188056,3461297,5415960886813981129,0
timing,9000,64,4,1331415590157330558,9000,9000,3337781,3681587,5415960886813981129,0
timing,10000,64,0,11193708156416210986,10000,10000,3680135,4282749,5415960886813981129,0
timing,10000,64,1,9047894501210666047,10000,10000,3490440,4050210,5415960886813981129,0
timing,10000,64,2,16135025093652361300,10000,10000,3767556,4284993,5415960886813981129,0
timing,10000,64,3,12692157153578069097,10000,10000,3477981,4042639,5415960886813981129,0
timing,10000,64,4,1331415573380114558,10000,10000,3654697,4285744,5415960886813981129,0
timing,11000,64,0,11193708208358471722,11000,11000,4179685,4868008,5415960886813981129,0
timing,11000,64,1,9047894454368678975,11000,11000,4005143,4621568,5415960886813981129,0
timing,11000,64,2,16135025102644949076,11000,11000,4184482,4863962,5415960886813981129,0
timing,11000,64,3,12692157098146147433,11000,11000,3997631,4579906,5415960886813981129,0
timing,11000,64,4,1331415556602898558,11000,11000,4194918,4871163,5415960886813981129,0
timing,12000,64,0,11193708191581255722,12000,12000,4668028,5300928,5415960886813981129,0
timing,12000,64,1,9047894471951201343,12000,12000,4462449,4988119,5415960886813981129,0
timing,12000,64,2,16135025120227471444,12000,12000,4662430,5294659,5415960886813981129,0
timing,12000,64,3,12692157115728669801,12000,12000,4445604,4997002,5415960886813981129,0
timing,12000,64,4,1331415539825682558,12000,12000,4828328,5331394,5415960886813981129,0
timing,13000,64,0,11193708243523516458,13000,13000,5120447,5844173,5415960886813981129,0
timing,13000,64,1,9047894420814246975,13000,13000,4868249,5521930,5415960886813981129,0
timing,13000,64,2,16135025000371040340,13000,13000,5124713,5812035,5415960886813981129,0
timing,13000,64,3,12692157202030668905,13000,13000,4881439,5487568,5415960886813981129,0
timing,13000,64,4,1331415660487420030,13000,13000,5119175,5837274,5415960886813981129,0
timing,14000,64,0,11193708226746300458,14000,14000,6172226,6300739,5415960886813981129,0
timing,14000,64,1,9047894438396769343,14000,14000,5682310,5936923,5415960886813981129,0
timing,14000,64,2,16135025017953562708,14000,14000,5940008,6327459,5415960886813981129,0
timing,14000,64,3,12692157219613191273,14000,14000,5672015,5950914,5415960886813981129,0
timing,14000,64,4,1331415643710204030,14000,14000,5936562,6305075,5415960886813981129,0
timing,15000,64,0,11193708278688561194,15000,15000,6503954,6784816,5415960886813981129,0
timing,15000,64,1,9047894387259814975,15000,15000,6235340,6380549,5415960886813981129,0
timing,15000,64,2,16135025035536085076,15000,15000,6488431,6750474,5415960886813981129,0
timing,15000,64,3,12692157168476236905,15000,15000,6182382,6363593,5415960886813981129,0
timing,15000,64,4,1331415626932988030,15000,15000,6480258,6754100,5415960886813981129,0
timing,16000,64,0,11193708261911345194,16000,16000,6768611,7245547,5415960886813981129,0
timing,16000,64,1,9047894404842337343,16000,16000,6468181,6818426,5415960886813981129,0
timing,16000,64,2,16135025053118607444,16000,16000,6739337,7168612,5415960886813981129,0
timing,16000,64,3,12692157186058759273,16000,16000,6635652,6756253,5415960886813981129,0
timing,16000,64,4,1331415610155772030,16000,16000,6734821,7163985,5415960886813981129,0
timing,17000,64,0,11193708038975698986,17000,17000,7152398,7770776,5415960886813981129,0
timing,17000,64,1,9047894899166229567,17000,17000,6816463,7318126,5415960886813981129,0
timing,17000,64,2,16135024933262176340,17000,17000,7163404,7738477,5415960886813981129,0
timing,17000,64,3,12692157268065791081,17000,17000,6811395,7304677,5415960886813981129,0
timing,17000,64,4,1331415181061695614,17000,17000,7145558,7724016,5415960886813981129,0
timing,18000,64,0,11193708022198482986,18000,18000,9138659,8311258,5415960886813981129,0
timing,18000,64,1,9047894916748751935,18000,18000,8899661,7851597,5415960886813981129,0
timing,18000,64,2,16135024950844698708,18000,18000,9203987,8320311,5415960886813981129,0
timing,18000,64,3,12692157285648313449,18000,18000,9070286,7834341,5415960886813981129,0
timing,18000,64,4,1331415164284479614,18000,18000,9301784,8303276,5415960886813981129,0
timing,19000,64,0,11193708074140743722,19000,19000,9764168,8660842,5415960886813981129,0
timing,19000,64,1,9047894865611797567,19000,19000,9427092,8204498,5415960886813981129,0
timing,19000,64,2,16135024968427221076,19000,19000,9787314,8676376,5415960886813981129,0
timing,19000,64,3,12692157234511359081,19000,19000,9378199,8168153,5415960886813981129,0
timing,19000,64,4,1331415147507263614,19000,19000,9801825,8649164,5415960886813981129,0
timing,20000,64,0,11193708057363527722,20000,20000,8839831,9067092,5415960886813981129,0
timing,20000,64,1,9047894883194319935,20000,20000,8435835,8537097,5415960886813981129,0
timing,20000,64,2,16135024986009743444,20000,20000,8810958,9059821,5415960886813981129,0
timing,20000,64,3,12692157252093881449,20000,20000,8411058,8535755,5415960886813981129,0
timing,20000,64,4,1331415130730047614,20000,20000,9131959,9074413,5415960886813981129,0
timing,21000,64,0,11193708109305788458,21000,21000,8530136,9647644,5415960886813981129,0
timing,21000,64,1,9047894832057365567,21000,21000,8577608,9072239,5415960886813981129,0
timing,21000,64,2,16135024866153312340,21000,21000,8944758,9617207,5415960886813981129,0
timing,21000,64,3,12692157338395880553,21000,21000,8178428,9048474,5415960886813981129,0
timing,21000,64,4,1331415251391785086,21000,21000,8530136,9643438,5415960886813981129,0
timing,22000,64,0,11193708075348703274,22000,22000,10373203,10256848,5415960886813981129,0
timing,22000,64,1,9047894853934855231,22000,22000,9924279,9577278,5415960886813981129,0
timing,22000,64,2,16135024892325769300,22000,22000,10671561,10289497,5415960886813981129,0
timing,22000,64,3,12692157351683435625,22000,22000,9918080,9661314,5415960886813981129,0
timing,22000,64,4,1331415234614569086,22000,22000,10686213,10251170,5415960886813981129,0
timing,23000,64,0,11193708127290964010,23000,23000,9865320,10736338,5415960886813981129,0
timing,23000,64,1,9047894802797900863,23000,23000,9311669,10112812,5415960886813981129,0
timing,23000,64,2,16135024909908291668,23000,23000,10281365,10816308,5415960886813981129,0
timing,23000,64,3,12692157300546481257,23000,23000,9377478,10192772,5415960886813981129,0
timing,23000,64,4,1331415217837353086,23000,23000,9801866,10829879,5415960886813981129,0
timing,24000,64,0,11193708110513748010,24000,24000,11446304,11173074,5415960886813981129,0
timing,24000,64,1,9047894820380423231,24000,24000,10758081,10543979,5415960886813981129,0
timing,24000,64,2,16135024927490814036,24000,24000,11254286,11175167,5415960886813981129,0
timing,24000,64,3,12692157318129003625,24000,24000,10748556,10526463,5415960886813981129,0
timing,24000,64,4,1331415201060137086,24000,24000,11218031,11163529,5415960886813981129,0
timing,25000,64,0,11193707887578101802,25000,25000,11565783,12006876,5415960886813981129,0
timing,25000,64,1,9047894769243468863,25000,25000,11486924,11319985,5415960886813981129,0
timing,25000,64,2,16135024807634382932,25000,25000,11564762,11998863,5415960886813981129,0
timing,25000,64,3,12692157404431002729,25000,25000,10984351,11266484,5415960886813981129,0
timing,25000,64,4,1331415321721874558,25000,25000,11747656,11999084,5415960886813981129,0
timing,26000,64,0,11193707870800885802,26000,26000,11410130,12499645,5415960886813981129,0
timing,26000,64,1,9047894786825991231,26000,26000,10438901,11793014,5415960886813981129,0
timing,26000,64,2,16135024825216905300,26000,26000,11008948,12508127,5415960886813981129,0
timing,26000,64,3,12692157422013525097,26000,26000,10492412,11794667,5415960886813981129,0
timing,26000,64,4,1331415304944658558,26000,26000,11634967,12539935,5415960886813981129,0
timing,27000,64,0,11193707922743146538,27000,27000,11990260,12941939,5415960886813981129,0
timing,27000,64,1,9047894731394069567,27000,27000,11437050,12234467,5415960886813981129,0
timing,27000,64,2,16135024842799427668,27000,27000,11981137,12784843,5415960886813981129,0
timing,27000,64,3,12692157366581603433,27000,27000,11883210,12123781,5415960886813981129,0
timing,27000,64,4,1331415288167442558,27000,27000,12170831,12802901,5415960886813981129,0
timing,28000,64,0,11193707905965930538,28000,28000,14128931,13149521,5415960886813981129,0
timing,28000,64,1,9047894748976591935,28000,28000,13078324,12400346,5415960886813981129,0
timing,28000,64,2,16135024860381950036,28000,28000,13566327,13150643,5415960886813981129,0
timing,28000,64,3,12692157384164125801,28000,28000,13245816,12424923,5415960886813981129,0
timing,28000,64,4,1331415271390226558,28000,28000,13587298,13122330,5415960886813981129,0
timing,29000,64,0,11193707957908191274,29000,29000,14073527,13850774,5415960886813981129,0
timing,29000,64,1,9047894697839637567,29000,29000,12829571,13058003,5415960886813981129,0
timing,29000,64,2,16135024740525518932,29000,29000,13714859,13807669,5415960886813981129,0
timing,29000,64,3,12692157470466124905,29000,29000,12743731,13124884,5415960886813981129,0
timing,29000,64,4,1331415392051964030,29000,29000,13336782,13868490,5415960886813981129,0
timing,30000,64,0,11193707941130975274,30000,30000,14163222,14256041,5415960886813981129,0
timing,30000,64,1,9047894715422159935,30000,30000,13469231,13475540,5415960886813981129,0
timing,30000,64,2,16135024758108041300,30000,30000,14215361,14295692,5415960886813981129,0
timing,30000,64,3,12692157488048647273,30000,30000,13497103,13486867,5415960886813981129,0
timing,30000,64,4,1331415375274748030,30000,30000,14095621,14281130,5415960886813981129,0
timing,31000,64,0,11193707993073236010,31000,31000,13882751,15244666,5415960886813981129,0
timing,31000,64,1,9047894664285205567,31000,31000,14035110,14334580,5415960886813981129,0
timing,31000,64,2,16135024775690563668,31000,31000,14572027,15224766,5415960886813981129,0
timing,31000,64,3,12692157436911692905,31000,31000,13257202,14417985,5415960886813981129,0
timing,31000,64,4,1331415358497532030,31000,31000,13917754,15329083,5415960886813981129,0
timing,32000,64,0,11193707976296020010,32000,32000,15424657,16060330,5415960886813981129,0
timing,32000,64,1,9047894681867727935,32000,32000,15286870,15176424,5415960886813981129,0
timing,32000,64,2,16135024793273086036,32000,32000,15423444,16037256,5415960886813981129,0
timing,32000,64,3,12692157454494215273,32000,32000,14707790,15165126,5415960886813981129,0
timing,32000,64,4,1331415341720316030,32000,32000,15749875,16099740,5415960886813981129,0
timing,33000,64,0,11193708852872001578,33000,33000,15901272,15815273,5415960886813981129,0
timing,33000,64,1,9047895184781554751,33000,33000,15218357,14924195,5415960886813981129,0
timing,33000,64,2,16135024664826720340,33000,33000,15889214,15859128,5415960886813981129,0
timing,33000,64,3,12692156436989619305,33000,33000,15152497,14943975,5415960886813981129,0
timing,33000,64,4,1331416012137867390,33000,33000,15836815,15760741,5415960886813981129,0
timing,34000,64,0,11193708836094785578,34000,34000,15896845,16287993,5415960886813981129,0
timing,34000,64,1,9047895202364077119,34000,34000,15252388,15352387,5415960886813981129,0
timing,34000,64,2,16135024682409242708,34000,34000,16013910,16326741,5415960886813981129,0
timing,34000,64,3,12692156454572141673,34000,34000,15262252,15468452,5415960886813981129,0
timing,34000,64,4,1331415995360651390,34000,34000,15993771,16372729,5415960886813981129,0
timing,35000,64,0,11193708888037046314,35000,35000,16863506,17227994,5415960886813981129,0
timing,35000,64,1,9047895151227122751,35000,35000,16061051,16228523,5415960886813981129,0
timing,35000,64,2,16135024699991765076,35000,35000,16861223,17210917,5415960886813981129,0
timing,35000,64,3,12692156403435187305,35000,35000,16057296,16241923,5415960886813981129,0
timing,35000,64,4,1331415978583435390,35000,35000,17867614,17342776,5415960886813981129,0
timing,36000,64,0,11193708871259830314,36000,36000,19225302,17770378,5415960886813981129,0
timing,36000,64,1,9047895168809645119,36000,36000,17547032,16446600,5415960886813981129,0
timing,36000,64,2,16135024717574287444,36000,36000,18353533,17416426,5415960886813981129,0
timing,36000,64,3,12692156421017709673,36000,36000,17590118,16441042,5415960886813981129,0
timing,36000,64,4,1331415961806219390,36000,36000,18648687,17396166,5415960886813981129,0
timing,37000,64,0,11193708923202091050,37000,37000,16668804,18203497,5415960886813981129,0
timing,37000,64,1,9047895117672690751,37000,37000,17148163,17129675,5415960886813981129,0
timing,37000,64,2,16135024597717856340,37000,37000,17029215,18300022,5415960886813981129,0
timing,37000,64,3,12692156507319708777,37000,37000,15958838,17213722,5415960886813981129,0
timing,37000,64,4,1331416082467956862,37000,37000,16745820,18333152,5415960886813981129,0
timing,38000,64,0,11193708906424875050,38000,38000,18099492,18804590,5415960886813981129,0
timing,38000,64,1,9047895130960245823,38000,38000,16688323,17693102,5415960886813981129,0
timing,38000,64,2,16135024615300378708,38000,38000,17535866,18720864,5415960886813981129,0
timing,38000,64,3,12692156520607263849,38000,38000,16707512,17669817,5415960886813981129,0
timing,38000,64,4,1331416065690740862,38000,38000,17702606,18783018,5415960886813981129,0
timing,39000,64,0,11193708958367135786,39000,39000,19506303,19351011,5415960886813981129,0
timing,39000,64,1,9047895079823291455,39000,39000,18672752,18132261,5415960886813981129,0
timing,39000,64,2,16135024632882901076,39000,39000,19490370,19205402,5415960886813981129,0
timing,39000,64,3,12692156469470309481,39000,39000,18500083,18064789,5415960886813981129,0
timing,39000,64,4,1331416048913524862,39000,39000,19391101,19275387,5415960886813981129,0
timing,40000,64,0,11193708941589919786,40000,40000,19643469,20175108,5415960886813981129,0
timing,40000,64,1,9047895097405813823,40000,40000,19016218,18978191,5415960886813981129,0
timing,40000,64,2,16135024650465423444,40000,40000,19966896,20171062,5415960886813981129,0
timing,40000,64,3,12692156487052831849,40000,40000,18644911,18991360,5415960886813981129,0
timing,40000,64,4,1331416032136308862,40000,40000,19510430,20175969,5415960886813981129,0
timing,41000,64,0,11193708718654273578,41000,41000,20014817,20821558,5415960886813981129,0
timing,41000,64,1,9047895046268859455,41000,41000,19934186,19529359,5415960886813981129,0
timing,41000,64,2,16135024530608992340,41000,41000,20401198,20819485,5415960886813981129,0
timing,41000,64,3,12692156573354830953,41000,41000,19319733,19475448,5415960886813981129,0
timing,41000,64,4,1331416152798046334,41000,41000,19983620,20751303,5415960886813981129,0
timing,42000,64,0,11193708701877057578,42000,42000,22273658,21450723,5415960886813981129,0
timing,42000,64,1,9047895063851381823,42000,42000,21455440,20182899,5415960886813981129,0
timing,42000,64,2,16135024548191514708,42000,42000,22683473,21335470,5415960886813981129,0
timing,42000,64,3,12692156590937353321,42000,42000,21015500,20003210,5415960886813981129,0
timing,42000,64,4,1331416136020830334,42000,42000,22021961,21231323,5415960886813981129,0
timing,43000,64,0,11193708702279710762,43000,43000,24764307,21687698,5415960886813981129,0
timing,43000,64,1,9047895051369133119,43000,43000,22885607,20427847,5415960886813981129,0
timing,43000,64,2,16135024540004233300,43000,43000,23781632,21737603,5415960886813981129,0
timing,43000,64,3,12692156604224908393,43000,43000,22640119,20404322,5415960886813981129,0
timing,43000,64,4,1331416119243614334,43000,43000,23855864,21669331,5415960886813981129,0
timing,44000,64,0,11193708754221971498,44000,44000,23620169,23025317,5415960886813981129,0
timing,44000,64,1,9047895000232178751,44000,44000,22533659,21640989,5415960886813981129,0
timing,44000,64,2,16135024557586755668,44000,44000,23493830,23035772,5415960886813981129,0
timing,44000,64,3,12692156553087954025,44000,44000,23433640,21566967,5415960886813981129,0
timing,44000,64,4,1331416102466398334,44000,44000,23450634,23017585,5415960886813981129,0
timing,45000,64,0,11193708737444755498,45000,45000,25333181,23613880,5415960886813981129,0
timing,45000,64,1,9047895017814701119,45000,45000,25379741,22111305,5415960886813981129,0
timing,45000,64,2,16135024575169278036,45000,45000,27340986,23511827,5415960886813981129,0
timing,45000,64,3,12692156570670476393,45000,45000,24222734,22073507,5415960886813981129,0
timing,45000,64,4,1331416085689182334,45000,45000,27006223,23428532,5415960886813981129,0
timing,46000,64,0,11193708789387016234,46000,46000,27909819,23875714,5415960886813981129,0
timing,46000,64,1,9047894966677746751,46000,46000,24955904,22454239,5415960886813981129,0
timing,46000,64,2,16135024455312846932,46000,46000,26584319,23908392,5415960886813981129,0
timing,46000,64,3,12692156656972475497,46000,46000,25174593,22420518,5415960886813981129,0
timing,46000,64,4,1331416206350919806,46000,46000,26550819,23912318,5415960886813981129,0
timing,47000,64,0,11193708772609800234,47000,47000,26008995,24469114,5415960886813981129,0
timing,47000,64,1,9047894984260269119,47000,47000,24619099,22982693,5415960886813981129,0
timing,47000,64,2,16135024472895369300,47000,47000,25921414,24362684,5415960886813981129,0
timing,47000,64,3,12692156674554997865,47000,47000,24565188,22994330,5415960886813981129,0
timing,47000,64,4,1331416189573703806,47000,47000,25930228,24579539,5415960886813981129,0
timing,48000,64,0,11193708824552060970,48000,48000,26333523,25378720,5415960886813981129,0
timing,48000,64,1,9047894933123314751,48000,48000,25289325,23817065,5415960886813981129,0
timing,48000,64,2,16135024490477891668,48000,48000,28832795,27075587,5415960886813981129,0
timing,48000,64,3,12692156623418043497,48000,48000,25264287,24733842,5415960886813981129,0
timing,48000,64,4,1331416172796487806,48000,48000,28378303,25405500,5415960886813981129,0
timing,49000,64,0,11193708807774844970,49000,49000,29982400,25878520,5415960886813981129,0
timing,49000,64,1,9047894946410869823,49000,49000,28647707,24351207,5415960886813981129,0
timing,49000,64,2,16135024508060414036,49000,49000,29878735,25916807,5415960886813981129,0
timing,49000,64,3,12692156636705598569,49000,49000,29452545,24227551,5415960886813981129,0
timing,49000,64,4,1331416156019271806,49000,49000,30051224,25884108,5415960886813981129,0
timing,50000,64,0,11193708584839198762,50000,50000,33872571,27108557,5415960886813981129,0
timing,50000,64,1,9047895445029729343,50000,50000,32313410,25222615,5415960886813981129,0
timing,50000,64,2,16135024388203982932,50000,50000,31307400,27067244,5415960886813981129,0
timing,50000,64,3,12692156723007597673,50000,50000,32526359,25241813,5415960886813981129,0
timing,50000,64,4,1331415726925195390,50000,50000,33084117,27134105,5415960886813981129,0
timing,51000,64,0,11193708568061982762,51000,51000,28866234,28240285,5415960886813981129,0
timing,51000,64,1,9047895462612251711,51000,51000,27476278,26575817,5415960886813981129,0
timing,51000,64,2,16135024405786505300,51000,51000,29901799,28303050,5415960886813981129,0
timing,51000,64,3,12692156740590120041,51000,51000,27346894,26665050,5415960886813981129,0
timing,51000,64,4,1331415710147979390,51000,51000,28897352,28228487,5415960886813981129,0
timing,52000,64,0,11193708620004243498,52000,52000,34029296,29013066,5415960886813981129,0
timing,52000,64,1,9047895411475297343,52000,52000,30511615,27177099,5415960886813981129,0
timing,52000,64,2,16135024423369027668,52000,52000,32701412,28881728,5415960886813981129,0
timing,52000,64,3,12692156689453165673,52000,52000,30694689,27105342,5415960886813981129,0
timing,52000,64,4,1331415693370763390,52000,52000,32108843,28863581,5415960886813981129,0
timing,53000,64,0,11193708603227027498,53000,53000,33921764,28007305,5415960886813981129,0
timing,53000,64,1,9047895429057819711,53000,53000,34882657,26411259,5415960886813981129,0
timing,53000,64,2,16135024440951550036,53000,53000,33906431,28369078,5415960886813981129,0
timing,53000,64,3,12692156707035688041,53000,53000,33724869,26417739,5415960886813981129,0
timing,53000,64,4,1331415676593547390,53000,53000,33845329,28245974,5415960886813981129,0
timing,54000,64,0,11193708655169288234,54000,54000,29742850,30015370,5415960886813981129,0
timing,54000,64,1,9047895382215832639,54000,54000,28229609,28076760,5415960886813981129,0
timing,54000,64,2,16135024312505184340,54000,54000,29739165,30003652,5415960886813981129,0
timing,54000,64,3,12692156789042719849,54000,54000,30568770,28006564,5415960886813981129,0
timing,54000,64,4,1331415797255284862,54000,54000,29800677,30098294,5415960886813981129,0
timing,55000,64,0,11193708638392072234,55000,55000,35500374,29700047,5415960886813981129,0
timing,55000,64,1,9047895399798355007,55000,55000,34017348,27906524,5415960886813981129,0
timing,55000,64,2,16135024330087706708,55000,55000,38943994,29750893,5415960886813981129,0
timing,55000,64,3,12692156806625242217,55000,55000,33801704,27762388,5415960886813981129,0
timing,55000,64,4,1331415780478068862,55000,55000,35419893,29694298,5415960886813981129,0
timing,56000,64,0,11193708690334332970,56000,56000,39838046,30272636,5415960886813981129,0
timing,56000,64,1,9047895348661400639,56000,56000,35792802,28230200,5415960886813981129,0
timing,56000,64,2,16135024347670229076,56000,56000,39737184,30134859,5415960886813981129,0
timing,56000,64,3,12692156755488287849,56000,56000,35910409,28191061,5415960886813981129,0
timing,56000,64,4,1331415763700852862,56000,56000,37276310,30240237,5415960886813981129,0
timing,57000,64,0,11193708673557116970,57000,57000,34879792,30279396,5415960886813981129,0
timing,57000,64,1,9047895366243923007,57000,57000,30723072,28312564,5415960886813981129,0
timing,57000,64,2,16135024365252751444,57000,57000,32282994,30371875,5415960886813981129,0
timing,57000,64,3,12692156773070810217,57000,57000,33264027,28415338,5415960886813981129,0
timing,57000,64,4,1331415746923636862,57000,57000,34431078,32601131,5415960886813981129,0
timing,58000,64,0,11193708450621470762,58000,58000,34307083,30952056,5415960886813981129,0
timing,58000,64,1,9047895315106968639,58000,58000,32568211,28922860,5415960886813981129,0
timing,58000,64,2,16135024245396320340,58000,58000,34293321,30817174,5415960886813981129,0
timing,58000,64,3,12692156859372809321,58000,58000,35097058,29004813,5415960886813981129,0
timing,58000,64,4,1331415867585374334,58000,58000,34340352,31128551,5415960886813981129,0
timing,59000,64,0,11193708433844254762,59000,59000,37928448,31201470,5415960886813981129,0
timing,59000,64,1,9047895328394523711,59000,59000,36296779,29392815,5415960886813981129,0
timing,59000,64,2,16135024262978842708,59000,59000,41214752,31386818,5415960886813981129,0
timing,59000,64,3,12692156872660364393,59000,59000,37012955,29439414,5415960886813981129,0
timing,59000,64,4,1331415850808158334,59000,59000,39632467,31243813,5415960886813981129,0
timing,60000,64,0,11193708485786515498,60000,60000,33835254,32539478,5415960886813981129,0
timing,60000,64,1,9047895277257569343,60000,60000,31883273,30480418,5415960886813981129,0
timing,60000,64,2,16135024280561365076,60000,60000,33878819,32506399,5415960886813981129,0
timing,60000,64,3,12692156821523410025,60000,60000,32128672,30420308,5415960886813981129,0
timing,60000,64,4,1331415834030942334,60000,60000,33821213,32546759,5415960886813981129,0
timing,61000,64,0,11193708469009299498,61000,61000,40491166,32652869,5415960886813981129,0
timing,61000,64,1,9047895294840091711,61000,61000,37960176,30363842,5415960886813981129,0
timing,61000,64,2,16135024298143887444,61000,61000,39612517,32739168,5415960886813981129,0
timing,61000,64,3,12692156839105932393,61000,61000,38018514,30504414,5415960886813981129,0
timing,61000,64,4,1331415817253726334,61000,61000,42494233,32710716,5415960886813981129,0
timing,62000,64,0,11193708520951560234,62000,62000,41281232,33028252,5415960886813981129,0
timing,62000,64,1,9047895243703137343,62000,62000,39769442,30943122,5415960886813981129,0
timing,62000,64,2,16135024178287456340,62000,62000,41251918,33054692,5415960886813981129,0
timing,62000,64,3,12692156925407931497,62000,62000,39656873,30864263,5415960886813981129,0
timing,62000,64,4,1331415937915463806,62000,62000,41435764,33292910,5415960886813981129,0
timing,63000,64,0,11193708504174344234,63000,63000,35225531,34168564,5415960886813981129,0
timing,63000,64,1,9047895261285659711,63000,63000,33422444,31990034,5415960886813981129,0
timing,63000,64,2,16135024195869978708,63000,63000,35381565,34062655,5415960886813981129,0
timing,63000,64,3,12692156942990453865,63000,63000,33982475,31979598,5415960886813981129,0
timing,63000,64,4,1331415921138247806,63000,63000,35272332,34184468,5415960886813981129,0
timing,64000,64,0,11193708556116604970,64000,64000,39848701,34388074,5415960886813981129,0
timing,64000,64,1,9047895210148705343,64000,64000,39213898,31998266,5415960886813981129,0
timing,64000,64,2,16135024213452501076,64000,64000,43389256,34469646,5415960886813981129,0
timing,64000,64,3,12692156891853499497,64000,64000,41256835,32061431,5415960886813981129,0
timing,64000,64,4,1331415904361031806,64000,64000,40241571,34339361,5415960886813981129,0
timing,8,1280,0,11193708306874103850,8,8,20902,16615,5415960886813981129,0
timing,8,1280,1,9047894634488558655,8,8,20521,15003,5415960886813981129,0
timing,8,1280,2,16135025218340843604,8,8,18918,14812,5415960886813981129,0
timing,8,1280,3,12692156986208382057,8,8,17085,14722,5415960886813981129,0
timing,8,1280,4,1331415466139969662,8,8,18297,14452,5415960886813981129,0
timing,128,1280,0,11193708304860837930,128,128,203315,164887,5415960886813981129,0
timing,128,1280,1,9047894636770260031,128,128,238468,168323,5415960886813981129,0
timing,128,1280,2,16135025216327577684,128,128,200842,155393,5415960886813981129,0
timing,128,1280,3,12692156988490083433,128,128,217617,165108,5415960886813981129,0
timing,128,1280,4,1331415464126703742,128,128,196615,147612,5415960886813981129,0
timing,512,1280,0,11193708315598256170,512,512,651007,648063,5415960886813981129,0
timing,512,1280,1,9047894626032841791,512,512,678809,652179,5415960886813981129,0
timing,512,1280,2,16135025209885126740,512,512,649495,645389,5415960886813981129,0
timing,512,1280,3,12692156994932534377,512,512,673882,651909,5415960886813981129,0
timing,512,1280,4,1331415457684252798,512,512,642024,654243,5415960886813981129,0
timing,1024,1280,0,11193708289828452394,1024,1024,1367333,1270817,5415960886813981129,0
timing,1024,1280,1,9047894651802645567,1024,1024,1382536,1264218,5415960886813981129,0
timing,1024,1280,2,16135025235654930516,1024,1024,1355124,1265790,5415960886813981129,0
timing,1024,1280,3,12692157003522468969,1024,1024,1374353,1297458,5415960886813981129,0
timing,1024,1280,4,1331415449094318206,1024,1024,1352300,1264178,5415960886813981129,0
timing,1000,1280,0,11193708307410974762,1000,1000,1314794,1205620,5415960886813981129,0
timing,1000,1280,1,9047894622140527679,1000,1000,1303928,1208114,5415960886813981129,0
timing,1000,1280,2,16135025210287779924,1000,1000,1275835,1211259,5415960886813981129,0
timing,1000,1280,3,12692156999630154857,1000,1000,1305070,1209316,5415960886813981129,0
timing,1000,1280,4,1331415449496971390,1000,1000,1274604,1207122,5415960886813981129,0
timing,2000,1280,0,11193708290633758762,2000,2000,2789387,2660424,5415960886813981129,0
timing,2000,1280,1,9047894639723050047,2000,2000,2819143,2663268,5415960886813981129,0
timing,2000,1280,2,16135025227870302292,2000,2000,2784901,2657009,5415960886813981129,0
timing,2000,1280,3,12692157017212677225,2000,2000,2811431,2667304,5415960886813981129,0
timing,2000,1280,4,1331415432719755390,2000,2000,2776738,2621505,5415960886813981129,0
timing,3000,1280,0,11193708342576019498,3000,3000,3974547,3426414,5415960886813981129,0
timing,3000,1280,1,9047894588586095679,3000,3000,3996069,3421396,5415960886813981129,0
timing,3000,1280,2,16135025245452824660,3000,3000,3972163,3435928,5415960886813981129,0
timing,3000,1280,3,12692156966075722857,3000,3000,3996740,3429769,5415960886813981129,0
timing,3000,1280,4,1331415415942539390,3000,3000,3975178,3421707,5415960886813981129,0
timing,4000,1280,0,11193708325798803498,4000,4000,5277533,4733936,5415960886813981129,0
timing,4000,1280,1,9047894606168618047,4000,4000,5386336,4720837,5415960886813981129,0
timing,4000,1280,2,16135025263035347028,4000,4000,5308770,4653727,5415960886813981129,0
timing,4000,1280,3,12692156983658245225,4000,4000,5371563,4587947,5415960886813981129,0
timing,4000,1280,4,1331415399165323390,4000,4000,5308689,4598994,5415960886813981129,0
timing,5000,1280,0,11193708377741064234,5000,5000,6819878,6197083,5415960886813981129,0
timing,5000,1280,1,9047894555031663679,5000,5000,7047290,6093448,5415960886813981129,0
timing,5000,1280,2,16135025143178915924,5000,5000,6889362,6222612,5415960886813981129,0
timing,5000,1280,3,12692157069960244329,5000,5000,7013839,6091254,5415960886813981129,0
timing,5000,1280,4,1331415519827060862,5000,5000,6826078,6213268,5415960886813981129,0
timing,6000,1280,0,11193708360963848234,6000,6000,8866491,7037124,5415960886813981129,0
timing,6000,1280,1,9047894568319218751,6000,6000,9274383,6811475,5415960886813981129,0
timing,6000,1280,2,16135025160761438292,6000,6000,8891167,7038666,5415960886813981129,0
timing,6000,1280,3,12692157083247799401,6000,6000,9232100,6727069,5415960886813981129,0
timing,6000,1280,4,1331415503049844862,6000,6000,8861963,6992828,5415960886813981129,0
timing,7000,1280,0,11193708412906108970,7000,7000,10770920,9177377,5415960886813981129,0
timing,7000,1280,1,9047894517182264383,7000,7000,11138631,8986090,5415960886813981129,0
timing,7000,1280,2,16135025178343960660,7000,7000,10747053,9250167,5415960886813981129,0
timing,7000,1280,3,12692157032110845033,7000,7000,11233995,9029235,5415960886813981129,0
timing,7000,1280,4,1331415486272628862,7000,7000,10818601,9247803,5415960886813981129,0
timing,8000,1280,0,11193708396128892970,8000,8000,13141248,10971801,5415960886813981129,0
timing,8000,1280,1,9047894534764786751,8000,8000,14340258,10575586,5415960886813981129,0
timing,8000,1280,2,16135025195926483028,8000,8000,13439705,10932883,5415960886813981129,0
timing,8000,1280,3,12692157049693367401,8000,8000,13850653,10703318,5415960886813981129,0
timing,8000,1280,4,1331415469495412862,8000,8000,13259395,10938371,5415960886813981129,0
timing,9000,1280,0,11193708173193246762,9000,9000,15599819,12874037,5415960886813981129,0
timing,9000,1280,1,9047894483627832383,9000,9000,16139969,12531572,5415960886813981129,0
timing,9000,1280,2,16135025076070051924,9000,9000,15459518,12890561,5415960886813981129,0
timing,9000,1280,3,12692157135995366505,9000,9000,15766849,12635419,5415960886813981129,0
timing,9000,1280,4,1331415590157150334,9000,9000,15581250,12964312,5415960886813981129,0
timing,10000,1280,0,11193708156416030762,10000,10000,17703576,14091825,5415960886813981129,0
timing,10000,1280,1,9047894501210354751,10000,10000,18338540,13799476,5415960886813981129,0
timing,10000,1280,2,16135025093652574292,10000,10000,18307423,13985435,5415960886813981129,0
timing,10000,1280,3,12692157153577888873,10000,10000,18207974,14026457,5415960886813981129,0
timing,10000,1280,4,1331415573379934334,10000,10000,18152741,13967909,5415960886813981129,0
timing,11000,1280,0,11193708208358291498,11000,11000,20686285,15726239,5415960886813981129,0
timing,11000,1280,1,9047894454368367679,11000,11000,21180716,15637656,5415960886813981129,0
timing,11000,1280,2,16135025102645162068,11000,11000,21032103,15936984,5415960886813981129,0
timing,11000,1280,3,12692157098145967209,11000,11000,20923961,15911436,5415960886813981129,0
timing,11000,1280,4,1331415556602718334,11000,11000,21005293,16316704,5415960886813981129,0
timing,12000,1280,0,11193708191581075498,12000,12000,23508841,17646922,5415960886813981129,0
timing,12000,1280,1,9047894471950890047,12000,12000,23704616,17053470,5415960886813981129,0
timing,12000,1280,2,16135025120227684436,12000,12000,23609662,17635184,5415960886813981129,0
timing,12000,1280,3,12692157115728489577,12000,12000,23580559,17196726,5415960886813981129,0
timing,12000,1280,4,1331415539825502334,12000,12000,24044726,17576015,5415960886813981129,0
timing,13000,1280,0,11193708243523336234,13000,13000,26422535,18776988,5415960886813981129,0
timing,13000,1280,1,9047894420813935679,13000,13000,26048103,18639422,5415960886813981129,0
timing,13000,1280,2,16135025000371253332,13000,13000,26223166,18888535,5415960886813981129,0
timing,13000,1280,3,12692157202030488681,13000,13000,25996225,18809917,5415960886813981129,0
timing,13000,1280,4,1331415660487239806,13000,13000,26485661,19006483,5415960886813981129,0
timing,14000,1280,0,11193708226746120234,14000,14000,29032383,21455018,5415960886813981129,0
timing,14000,1280,1,9047894438396458047,14000,14000,28621947,21909531,5415960886813981129,0
timing,14000,1280,2,16135025017953775700,14000,14000,29289620,21917192,5415960886813981129,0
timing,14000,1280,3,12692157219613011049,14000,14000,28447195,21928159,5415960886813981129,0
timing,14000,1280,4,1331415643710023806,14000,14000,29542660,21199865,5415960886813981129,0
timing,15000,1280,0,11193708278688380970,15000,15000,31367519,23659869,5415960886813981129,0
timing,15000,1280,1,9047894387259503679,15000,15000,30411384,23570204,5415960886813981129,0
timing,15000,1280,2,16135025035536298068,15000,15000,31413848,23790274,5415960886813981129,0
timing,15000,1280,3,12692157168476056681,15000,15000,31388511,23658797,5415960886813981129,0
timing,15000,1280,4,1331415626932807806,15000,15000,31517203,23620189,5415960886813981129,0
timing,16000,1280,0,11193708261911164970,16000,16000,34228174,23636843,5415960886813981129,0
timing,16000,1280,1,9047894404842026047,16000,16000,33031206,23796263,5415960886813981129,0
timing,16000,1280,2,16135025053118820436,16000,16000,34084117,23626288,5415960886813981129,0
timing,16000,1280,3,12692157186058579049,16000,16000,33207681,23674220,5415960886813981129,0
timing,16000,1280,4,1331415610155591806,16000,16000,34357637,23797515,5415960886813981129,0
timing,17000,1280,0,11193708038975518762,17000,17000,36171911,26822215,5415960886813981129,0
timing,17000,1280,1,9047894899165918271,17000,17000,36119713,26779932,5415960886813981129,0
timing,17000,1280,2,16135024933262389332,17000,17000,36629037,26823317,5415960886813981129,0
timing,17000,1280,3,12692157268065610857,17000,17000,36422548,26734062,5415960886813981129,0
timing,17000,1280,4,1331415181061515390,17000,17000,36467054,26977849,5415960886813981129,0
timing,18000,1280,0,11193708022198302762,18000,18000,40571045,30023561,5415960886813981129,0
timing,18000,1280,1,9047894916748440639,18000,18000,40172917,30602020,5415960886813981129,0
timing,18000,1280,2,16135024950844911700,18000,18000,40514360,30384182,5415960886813981129,0
timing,18000,1280,3,12692157285648133225,18000,18000,39813328,30348629,5415960886813981129,0
timing,18000,1280,4,1331415164284299390,18000,18000,40552587,30403932,5415960886813981129,0
timing,19000,1280,0,11193708074140563498,19000,19000,43689716,32208761,5415960886813981129,0
timing,19000,1280,1,9047894865611486271,19000,19000,43642055,32323684,5415960886813981129,0
timing,19000,1280,2,16135024968427434068,19000,19000,43128093,32808061,5415960886813981129,0
timing,19000,1280,3,12692157234511178857,19000,19000,42864388,32724066,5415960886813981129,0
timing,19000,1280,4,1331415147507083390,19000,19000,43396457,32286408,5415960886813981129,0
timing,20000,1280,0,11193708057363347498,20000,20000,44210989,33756034,5415960886813981129,0
timing,20000,1280,1,9047894883194008639,20000,20000,43449536,34502495,5415960886813981129,0
timing,20000,1280,2,16135024986009956436,20000,20000,44196718,34377097,5415960886813981129,0
timing,20000,1280,3,12692157252093701225,20000,20000,44248134,34547672,5415960886813981129,0
timing,20000,1280,4,1331415130729867390,20000,20000,44885312,32725377,5415960886813981129,0
timing,21000,1280,0,11193708109305608234,21000,21000,46367887,37529979,5415960886813981129,0
timing,21000,1280,1,9047894832057054271,21000,21000,46866625,37848708,5415960886813981129,0
timing,21000,1280,2,16135024866153525332,21000,21000,46433074,37963931,5415960886813981129,0
timing,21000,1280,3,12692157338395700329,21000,21000,46574206,38134727,5415960886813981129,0
timing,21000,1280,4,1331415251391604862,21000,21000,46498773,37544291,5415960886813981129,0
timing,22000,1280,0,11193708075348523050,22000,22000,50106630,41443956,5415960886813981129,0
timing,22000,1280,1,9047894853934543935,22000,22000,49461972,40721801,5415960886813981129,0
timing,22000,1280,2,16135024892325982292,22000,22000,49595913,40710064,5415960886813981129,0
timing,22000,1280,3,12692157351683255401,22000,22000,50260350,40647028,5415960886813981129,0
timing,22000,1280,4,1331415234614388862,22000,22000,49736313,40489503,5415960886813981129,0
timing,23000,1280,0,11193708127290783786,23000,23000,50505879,42956355,5415960886813981129,0
timing,23000,1280,1,9047894802797589567,23000,23000,49817375,42739560,5415960886813981129,0
timing,23000,1280,2,16135024909908504660,23000,23000,50959370,43087793,5415960886813981129,0
timing,23000,1280,3,12692157300546301033,23000,23000,50177536,43871549,5415960886813981129,0
timing,23000,1280,4,1331415217837172862,23000,23000,50660741,42517847,5415960886813981129,0
timing,24000,1280,0,11193708110513567786,24000,24000,53124630,44999131,5415960886813981129,0
timing,24000,1280,1,9047894820380111935,24000,24000,53072652,45784741,5415960886813981129,0
timing,24000,1280,2,16135024927491027028,24000,24000,53463138,45748798,5415960886813981129,0
timing,24000,1280,3,12692157318128823401,24000,24000,53466412,45595767,5415960886813981129,0
timing,24000,1280,4,1331415201059956862,24000,24000,53738521,45624471,5415960886813981129,0
timing,25000,1280,0,11193707887577921578,25000,25000,57091915,49951667,5415960886813981129,0
timing,25000,1280,1,9047894769243157567,25000,25000,56895000,49738256,5415960886813981129,0
timing,25000,1280,2,16135024807634595924,25000,25000,57461680,50135532,5415960886813981129,0
timing,25000,1280,3,12692157404430822505,25000,25000,56899957,49825437,5415960886813981129,0
timing,25000,1280,4,1331415321721694334,25000,25000,58078696,50157996,5415960886813981129,0
timing,26000,1280,0,11193707870800705578,26000,26000,60578820,55336720,5415960886813981129,0
timing,26000,1280,1,9047894786825679935,26000,26000,59900952,55421498,5415960886813981129,0
timing,26000,1280,2,16135024825217118292,26000,26000,62583328,55343271,5415960886813981129,0
timing,26000,1280,3,12692157422013344873,26000,26000,60792961,55215618,5415960886813981129,0
timing,26000,1280,4,1331415304944478334,26000,26000,60553651,54976499,5415960886813981129,0
timing,27000,1280,0,11193707922742966314,27000,27000,64365745,57759547,5415960886813981129,0
timing,27000,1280,1,9047894731393758271,27000,27000,63573686,57556463,5415960886813981129,0
timing,27000,1280,2,16135024842799640660,27000,27000,64490141,57237684,5415960886813981129,0
timing,27000,1280,3,12692157366581423209,27000,27000,64039885,57188610,5415960886813981129,0
timing,27000,1280,4,1331415288167262334,27000,27000,63209349,57745296,5415960886813981129,0
timing,28000,1280,0,11193707905965750314,28000,28000,67207791,60890467,5415960886813981129,0
timing,28000,1280,1,9047894748976280639,28000,28000,66986408,61181394,5415960886813981129,0
timing,28000,1280,2,16135024860382163028,28000,28000,67448472,60835664,5415960886813981129,0
timing,28000,1280,3,12692157384163945577,28000,28000,67732317,61098289,5415960886813981129,0
timing,28000,1280,4,1331415271390046334,28000,28000,66863183,60860341,5415960886813981129,0
timing,29000,1280,0,11193707957908011050,29000,29000,70550578,63308297,5415960886813981129,0
timing,29000,1280,1,9047894697839326271,29000,29000,70983658,63908828,5415960886813981129,0
timing,29000,1280,2,16135024740525731924,29000,29000,70757760,64067897,5415960886813981129,0
timing,29000,1280,3,12692157470465944681,29000,29000,70663659,63548237,5415960886813981129,0
timing,29000,1280,4,1331415392051783806,29000,29000,70648345,63755688,5415960886813981129,0
timing,30000,1280,0,11193707941130795050,30000,30000,74112606,67110615,5415960886813981129,0
timing,30000,1280,1,9047894715421848639,30000,30000,73762290,67146017,5415960886813981129,0
timing,30000,1280,2,16135024758108254292,30000,30000,73885374,67231256,5415960886813981129,0
timing,30000,1280,3,12692157488048467049,30000,30000,73548538,67610956,5415960886813981129,0
timing,30000,1280,4,1331415375274567806,30000,30000,73080526,67066588,5415960886813981129,0
timing,31000,1280,0,11193707993073055786,31000,31000,75438916,70102366,5415960886813981129,0
timing,31000,1280,1,9047894664284894271,31000,31000,75236332,70361965,5415960886813981129,0
timing,31000,1280,2,16135024775690776660,31000,31000,75798335,70124468,5415960886813981129,0
timing,31000,1280,3,12692157436911512681,31000,31000,75558776,70503877,5415960886813981129,0
timing,31000,1280,4,1331415358497351806,31000,31000,76189853,70125479,5415960886813981129,0
timing,32000,1280,0,11193707976295839786,32000,32000,78600532,73065874,5415960886813981129,0
timing,32000,1280,1,9047894681867416639,32000,32000,78805950,72903860,5415960886813981129,0
timing,32000,1280,2,16135024793273299028,32000,32000,78361864,72727485,5415960886813981129,0
timing,32000,1280,3,12692157454494035049,32000,32000,79684569,72993524,5415960886813981129,0
timing,32000,1280,4,1331415341720135806,32000,32000,78535174,72736479,5415960886813981129,0
timing,33000,1280,0,11193708852871821354,33000,33000,84550764,77414902,5415960886813981129,0
timing,33000,1280,1,9047895184781243455,33000,33000,84424274,77736204,5415960886813981129,0
timing,33000,1280,2,16135024664826933332,33000,33000,84329812,76999658,5415960886813981129,0
timing,33000,1280,3,12692156436989439081,33000,33000,84910063,77119588,5415960886813981129,0
timing,33000,1280,4,1331416012137687166,33000,33000,84245405,77910886,5415960886813981129,0
timing,34000,1280,0,11193708836094605354,34000,34000,85573388,79173522,5415960886813981129,0
timing,34000,1280,1,9047895202363765823,34000,34000,85844666,78735685,5415960886813981129,0
timing,34000,1280,2,16135024682409455700,34000,34000,85582412,79157527,5415960886813981129,0
timing,34000,1280,3,12692156454571961449,34000,34000,87262865,78843936,5415960886813981129,0
timing,34000,1280,4,1331415995360471166,34000,34000,86576414,78791538,5415960886813981129,0
timing,35000,1280,0,11193708888036866090,35000,35000,88854554,81921236,5415960886813981129,0
timing,35000,1280,1,9047895151226811455,35000,35000,87617908,81833985,5415960886813981129,0
timing,35000,1280,2,16135024699991978068,35000,35000,87466981,81997891,5415960886813981129,0
timing,35000,1280,3,12692156403435007081,35000,35000,88934664,81584030,5415960886813981129,0
timing,35000,1280,4,1331415978583255166,35000,35000,88355765,81310429,5415960886813981129,0
timing,36000,1280,0,11193708871259650090,36000,36000,93320698,85648882,5415960886813981129,0
timing,36000,1280,1,9047895168809333823,36000,36000,94083132,85312807,5415960886813981129,0
timing,36000,1280,2,16135024717574500436,36000,36000,93691175,85391245,5415960886813981129,0
timing,36000,1280,3,12692156421017529449,36000,36000,94052026,84914008,5415960886813981129,0
timing,36000,1280,4,1331415961806039166,36000,36000,94459417,84871234,5415960886813981129,0
timing,37000,1280,0,11193708923201910826,37000,37000,94508891,89218460,5415960886813981129,0
timing,37000,1280,1,9047895117672379455,37000,37000,93315280,87718799,5415960886813981129,0
timing,37000,1280,2,16135024597718069332,37000,37000,93239306,90869378,5415960886813981129,0
timing,37000,1280,3,12692156507319528553,37000,37000,93907979,88806951,5415960886813981129,0
timing,37000,1280,4,1331416082467776638,37000,37000,93499095,88993472,5415960886813981129,0
timing,38000,1280,0,11193708906424694826,38000,38000,97150426,91607576,5415960886813981129,0
timing,38000,1280,1,9047895130959934527,38000,38000,97685560,90346092,5415960886813981129,0
timing,38000,1280,2,16135024615300591700,38000,38000,97284367,91033273,5415960886813981129,0
timing,38000,1280,3,12692156520607083625,38000,38000,98641024,90320484,5415960886813981129,0
timing,38000,1280,4,1331416065690560638,38000,38000,97225088,90876798,5415960886813981129,0
timing,39000,1280,0,11193708958366955562,39000,39000,101224852,93498364,5415960886813981129,0
timing,39000,1280,1,9047895079822980159,39000,39000,101966566,93692675,5415960886813981129,0
timing,39000,1280,2,16135024632883114068,39000,39000,101250170,94733278,5415960886813981129,0
timing,39000,1280,3,12692156469470129257,39000,39000,102597823,93268699,5415960886813981129,0
timing,39000,1280,4,1331416048913344638,39000,39000,101391192,94241940,5415960886813981129,0
timing,40000,1280,0,11193708941589739562,40000,40000,104001369,97757266,5415960886813981129,0
timing,40000,1280,1,9047895097405502527,40000,40000,104373148,97790526,5415960886813981129,0
timing,40000,1280,2,16135024650465636436,40000,40000,104553979,97725528,5415960886813981129,0
timing,40000,1280,3,12692156487052651625,40000,40000,105552739,97636455,5415960886813981129,0
timing,40000,1280,4,1331416032136128638,40000,40000,103871194,97529144,5415960886813981129,0
timing,41000,1280,0,11193708718654093354,41000,41000,106548883,100418661,5415960886813981129,0
timing,41000,1280,1,9047895046268548159,41000,41000,109808156,99720694,5415960886813981129,0
timing,41000,1280,2,16135024530609205332,41000,41000,107835134,99521344,5415960886813981129,0
timing,41000,1280,3,12692156573354650729,41000,41000,107221272,100044029,5415960886813981129,0
timing,41000,1280,4,1331416152797866110,41000,41000,107522345,100054024,5415960886813981129,0
timing,42000,1280,0,11193708701876877354,42000,42000,112747327,102358643,5415960886813981129,0
timing,42000,1280,1,9047895063851070527,42000,42000,112194287,103187748,5415960886813981129,0
timing,42000,1280,2,16135024548191727700,42000,42000,112063551,101997061,5415960886813981129,0
timing,42000,1280,3,12692156590937173097,42000,42000,109661435,103375670,5415960886813981129,0
timing,42000,1280,4,1331416136020650110,42000,42000,109563058,102981157,5415960886813981129,0
timing,43000,1280,0,11193708702279530538,43000,43000,116046349,107992559,5415960886813981129,0
timing,43000,1280,1,9047895051368821823,43000,43000,116559971,105884996,5415960886813981129,0
timing,43000,1280,2,16135024540004446292,43000,43000,117389275,107332209,5415960886813981129,0
timing,43000,1280,3,12692156604224728169,43000,43000,118353382,106987831,5415960886813981129,0
timing,43000,1280,4,1331416119243434110,43000,43000,116374682,107518979,5415960886813981129,0
timing,44000,1280,0,11193708754221791274,44000,44000,118712932,110987164,5415960886813981129,0
timing,44000,1280,1,9047895000231867455,44000,44000,117157536,109982217,5415960886813981129,0
timing,44000,1280,2,16135024557586968660,44000,44000,118908165,110427975,5415960886813981129,0
timing,44000,1280,3,12692156553087773801,44000,44000,119636057,110452902,5415960886813981129,0
timing,44000,1280,4,1331416102466218110,44000,44000,116473260,110198280,5415960886813981129,0
timing,45000,1280,0,11193708737444575274,45000,45000,124362612,113641128,5415960886813981129,0
timing,45000,1280,1,9047895017814389823,45000,45000,124653328,112710281,5415960886813981129,0
timing,45000,1280,2,16135024575169491028,45000,45000,126216104,113571022,5415960886813981129,0
timing,45000,1280,3,12692156570670296169,45000,45000,124133427,112540847,5415960886813981129,0
timing,45000,1280,4,1331416085689002110,45000,45000,123524965,113129189,5415960886813981129,0
timing,46000,1280,0,11193708789386836010,46000,46000,126317075,116587630,5415960886813981129,0
timing,46000,1280,1,9047894966677435455,46000,46000,128672922,115923213,5415960886813981129,0
timing,46000,1280,2,16135024455313059924,46000,46000,127066300,116969033,5415960886813981129,0
timing,46000,1280,3,12692156656972295273,46000,46000,128516997,116316473,5415960886813981129,0
timing,46000,1280,4,1331416206350739582,46000,46000,126821011,116856624,5415960886813981129,0
timing,47000,1280,0,11193708772609620010,47000,47000,129317098,120225821,5415960886813981129,0
timing,47000,1280,1,9047894984259957823,47000,47000,129512692,119837258,5415960886813981129,0
timing,47000,1280,2,16135024472895582292,47000,47000,129417829,119652300,5415960886813981129,0
timing,47000,1280,3,12692156674554817641,47000,47000,130062668,119712491,5415960886813981129,0
timing,47000,1280,4,1331416189573523582,47000,47000,128945460,118515934,5415960886813981129,0
timing,48000,1280,0,11193708824551880746,48000,48000,130247545,124851624,5415960886813981129,0
timing,48000,1280,1,9047894933123003455,48000,48000,130606613,124179716,5415960886813981129,0
timing,48000,1280,2,16135024490478104660,48000,48000,130756749,124430572,5415960886813981129,0
timing,48000,1280,3,12692156623417863273,48000,48000,131524901,123478002,5415960886813981129,0
timing,48000,1280,4,1331416172796307582,48000,48000,132020656,124793818,5415960886813981129,0
timing,49000,1280,0,11193708807774664746,49000,49000,140327335,127300239,5415960886813981129,0
timing,49000,1280,1,9047894946410558527,49000,49000,138614974,127337125,5415960886813981129,0
timing,49000,1280,2,16135024508060627028,49000,49000,138364929,127083835,5415960886813981129,0
timing,49000,1280,3,12692156636705418345,49000,49000,139009095,127135913,5415960886813981129,0
timing,49000,1280,4,1331416156019091582,49000,49000,136816645,126943024,5415960886813981129,0
timing,50000,1280,0,11193708584839018538,50000,50000,141452532,130259171,5415960886813981129,0
timing,50000,1280,1,9047895445029418047,50000,50000,143166585,129917047,5415960886813981129,0
timing,50000,1280,2,16135024388204195924,50000,50000,141326454,130095455,5415960886813981129,0
timing,50000,1280,3,12692156723007417449,50000,50000,144688460,129597587,5415960886813981129,0
timing,50000,1280,4,1331415726925015166,50000,50000,142511653,129351889,5415960886813981129,0
timing,51000,1280,0,11193708568061802538,51000,51000,141131089,132088375,5415960886813981129,0
timing,51000,1280,1,9047895462611940415,51000,51000,142387175,132932943,5415960886813981129,0
timing,51000,1280,2,16135024405786718292,51000,51000,142282658,133116349,5415960886813981129,0
timing,51000,1280,3,12692156740589939817,51000,51000,143133415,133000235,5415960886813981129,0
timing,51000,1280,4,1331415710147799166,51000,51000,144058133,132696027,5415960886813981129,0
timing,52000,1280,0,11193708620004063274,52000,52000,145668871,138627781,5415960886813981129,0
timing,52000,1280,1,9047895411474986047,52000,52000,147063103,137464084,5415960886813981129,0
timing,52000,1280,2,16135024423369240660,52000,52000,145779797,138899269,5415960886813981129,0
timing,52000,1280,3,12692156689452985449,52000,52000,147600029,137081079,5415960886813981129,0
timing,52000,1280,4,1331415693370583166,52000,52000,145041719,138604256,5415960886813981129,0
timing,53000,1280,0,11193708603226847274,53000,53000,153077160,139501122,5415960886813981129,0
timing,53000,1280,1,9047895429057508415,53000,53000,151122406,138597325,5415960886813981129,0
timing,53000,1280,2,16135024440951763028,53000,53000,150981455,139540941,5415960886813981129,0
timing,53000,1280,3,12692156707035507817,53000,53000,153325283,138243273,5415960886813981129,0
timing,53000,1280,4,1331415676593367166,53000,53000,153761097,138794892,5415960886813981129,0
timing,54000,1280,0,11193708655169108010,54000,54000,151176207,141709265,5415960886813981129,0
timing,54000,1280,1,9047895382215521343,54000,54000,152096148,140174582,5415960886813981129,0
timing,54000,1280,2,16135024312505397332,54000,54000,152307164,141114263,5415960886813981129,0
timing,54000,1280,3,12692156789042539625,54000,54000,152521005,139074140,5415960886813981129,0
timing,54000,1280,4,1331415797255104638,54000,54000,151409036,141519511,5415960886813981129,0
timing,55000,1280,0,11193708638391892010,55000,55000,160382064,147893528,5415960886813981129,0
timing,55000,1280,1,9047895399798043711,55000,55000,161524529,147439787,5415960886813981129,0
timing,55000,1280,2,16135024330087919700,55000,55000,158899318,148226017,5415960886813981129,0
timing,55000,1280,3,12692156806625061993,55000,55000,160804858,149164976,5415960886813981129,0
timing,55000,1280,4,1331415780477888638,55000,55000,158027269,148877545,5415960886813981129,0
timing,56000,1280,0,11193708690334152746,56000,56000,165811344,148696623,5415960886813981129,0
timing,56000,1280,1,9047895348661089343,56000,56000,163845112,146956500,5415960886813981129,0
timing,56000,1280,2,16135024347670442068,56000,56000,164989750,148557884,5415960886813981129,0
timing,56000,1280,3,12692156755488107625,56000,56000,163435777,147954719,5415960886813981129,0
timing,56000,1280,4,1331415763700672638,56000,56000,163395317,148561720,5415960886813981129,0
timing,57000,1280,0,11193708673556936746,57000,57000,161745009,148778125,5415960886813981129,0
timing,57000,1280,1,9047895366243611711,57000,57000,160900862,148871695,5415960886813981129,0
timing,57000,1280,2,16135024365252964436,57000,57000,160101592,148364935,5415960886813981129,0
timing,57000,1280,3,12692156773070629993,57000,57000,160477426,147253666,5415960886813981129,0
timing,57000,1280,4,1331415746923456638,57000,57000,159338256,150229382,5415960886813981129,0
timing,58000,1280,0,11193708450621290538,58000,58000,163534404,152703346,5415960886813981129,0
timing,58000,1280,1,9047895315106657343,58000,58000,164033423,152592079,5415960886813981129,0
timing,58000,1280,2,16135024245396533332,58000,58000,162161262,153199751,5415960886813981129,0
timing,58000,1280,3,12692156859372629097,58000,58000,163321434,152482795,5415960886813981129,0
timing,58000,1280,4,1331415867585194110,58000,58000,162119700,152164717,5415960886813981129,0
timing,59000,1280,0,11193708433844074538,59000,59000,176100906,154837088,5415960886813981129,0
timing,59000,1280,1,9047895328394212415,59000,59000,171322453,153578229,5415960886813981129,0
timing,59000,1280,2,16135024262979055700,59000,59000,171121812,153534443,5415960886813981129,0
timing,59000,1280,3,12692156872660184169,59000,59000,171291777,153505709,5415960886813981129,0
timing,59000,1280,4,1331415850807978110,59000,59000,169143692,152768282,5415960886813981129,0
timing,60000,1280,0,11193708485786335274,60000,60000,172058618,161397055,5415960886813981129,0
timing,60000,1280,1,9047895277257258047,60000,60000,171141661,158686516,5415960886813981129,0
timing,60000,1280,2,16135024280561578068,60000,60000,172431647,157410520,5415960886813981129,0
timing,60000,1280,3,12692156821523229801,60000,60000,169991495,158917873,5415960886813981129,0
timing,60000,1280,4,1331415834030762110,60000,60000,170366668,158941418,5415960886813981129,0
timing,61000,1280,0,11193708469009119274,61000,61000,178890251,160807939,5415960886813981129,0
timing,61000,1280,1,9047895294839780415,61000,61000,178152905,159642460,5415960886813981129,0
timing,61000,1280,2,16135024298144100436,61000,61000,176728197,160377233,5415960886813981129,0
timing,61000,1280,3,12692156839105752169,61000,61000,179174158,159493406,5415960886813981129,0
timing,61000,1280,4,1331415817253546110,61000,61000,176531461,160858344,5415960886813981129,0
timing,62000,1280,0,11193708520951380010,62000,62000,182011285,162637735,5415960886813981129,0
timing,62000,1280,1,9047895243702826047,62000,62000,180942652,162101571,5415960886813981129,0
timing,62000,1280,2,16135024178287669332,62000,62000,180376351,162277664,5415960886813981129,0
timing,62000,1280,3,12692156925407751273,62000,62000,179083190,160455129,5415960886813981129,0
timing,62000,1280,4,1331415937915283582,62000,62000,179553235,162214109,5415960886813981129,0
timing,63000,1280,0,11193708504174164010,63000,63000,176420122,164973801,5415960886813981129,0
timing,63000,1280,1,9047895261285348415,63000,63000,177200223,164854882,5415960886813981129,0
timing,63000,1280,2,16135024195870191700,63000,63000,176388786,167165140,5415960886813981129,0
timing,63000,1280,3,12692156942990273641,63000,63000,180732274,164644016,5415960886813981129,0
timing,63000,1280,4,1331415921138067582,63000,63000,178393414,166034253,5415960886813981129,0
timing,64000,1280,0,11193708556116424746,64000,64000,185172830,165965880,5415960886813981129,0
timing,64000,1280,1,9047895210148394047,64000,64000,181459646,167392220,5415960886813981129,0
timing,64000,1280,2,16135024213452714068,64000,64000,182330212,167248084,5415960886813981129,0
timing,64000,1280,3,12692156891853319273,64000,64000,184658648,166036325,5415960886813981129,0
timing,64000,1280,4,1331415904360851582,64000,64000,181123282,168044209,5415960886813981129,0
